datasets_less/2021-06-22-307-194/14.csv,0
datasets_less/2021-06-22-307-194/32.csv,0
datasets_less/2021-06-22-307-194/43.csv,0
datasets_less/2021-06-22-307-194/80.csv,0
datasets_less/2021-06-26-286-307/12.csv,1
datasets_less/2021-06-26-286-307/55.csv,1
datasets_less/2021-06-26-286-307/77.csv,1
datasets_less/2021-06-26-286-307/86.csv,1
datasets_less/2021-07-25-307-264/11.csv,0
datasets_less/2021-07-25-307-264/23.csv,0
datasets_less/2021-07-25-307-264/89.csv,0
datasets_less/2021-08-03-264-307/25.csv,0
datasets_less/2021-08-03-264-307/94.csv,0
datasets_less/2021-08-03-264-307/97.csv,0
datasets_less/2021-08-03-264-307/132.csv,0
datasets_less/2021-08-22-264-307/19.csv,0
datasets_less/2021-08-22-264-307/36.csv,0
datasets_less/2021-08-22-264-307/56.csv,0
datasets_less/2021-08-22-264-307/63.csv,0
datasets_less/2021-09-13-307-264/12.csv,0
datasets_less/2021-09-13-307-264/76.csv,0
datasets_less/2021-09-13-307-264/78.csv,0
datasets_less/2021-09-13-307-264/84.csv,0
datasets_less/2022-04-02-322-317/38.csv,1
datasets_less/2022-04-02-322-317/46.csv,1
datasets_less/2022-04-02-322-317/53.csv,1
datasets_less/2022-04-02-322-317/114.csv,1
datasets_less/2022-04-28-307-317/24.csv,0
datasets_less/2022-04-28-307-317/28.csv,0
datasets_less/2022-04-28-307-317/67.csv,0
datasets_less/2022-04-28-307-317/72.csv,0
datasets_less/2022-05-15-317-307/48.csv,1
datasets_less/2022-05-15-317-307/49.csv,1
datasets_less/2022-05-15-317-307/53.csv,1
datasets_less/2022-05-15-317-307/59.csv,1
datasets_less/2022-05-24-307-317/36.csv,0
datasets_less/2022-05-24-307-317/45.csv,0
datasets_less/2022-05-24-307-317/78.csv,0
datasets_less/2022-05-24-307-317/89.csv,0
datasets_less/2015-02-11-235-175/22.csv,0
datasets_less/2015-02-11-235-175/52.csv,0
datasets_less/2015-02-11-235-175/65.csv,0
datasets_less/2015-02-11-235-175/84.csv,0
datasets_less/2015-02-21-175-235/29.csv,1
datasets_less/2015-02-21-175-235/65.csv,1
datasets_less/2015-02-21-175-235/76.csv,1
datasets_less/2015-02-21-175-235/77.csv,1
datasets_less/2015-03-08-235-175/17.csv,0
datasets_less/2015-03-08-235-175/42.csv,0
datasets_less/2015-03-08-235-175/64.csv,0
datasets_less/2015-03-08-235-175/100.csv,0
datasets_less/2015-12-21-263-182/20.csv,0
datasets_less/2015-12-21-263-182/25.csv,0
datasets_less/2015-12-21-263-182/39.csv,0
datasets_less/2015-12-21-263-182/104.csv,0
datasets_less/2015-12-28-182-263/22.csv,1
datasets_less/2015-12-28-182-263/52.csv,1
datasets_less/2015-12-28-182-263/94.csv,1
datasets_less/2015-12-28-182-263/104.csv,1
datasets_less/2016-02-11-263-235/15.csv,1
datasets_less/2016-02-11-263-235/55.csv,1
datasets_less/2016-02-11-263-235/56.csv,1
datasets_less/2016-02-11-263-235/72.csv,1
datasets_less/2016-02-20-235-263/27.csv,1
datasets_less/2016-02-20-235-263/35.csv,1
datasets_less/2016-02-20-235-263/36.csv,1
datasets_less/2016-02-20-235-263/43.csv,1
datasets_less/2016-03-06-263-235/63.csv,1
datasets_less/2016-03-06-263-235/77.csv,1
datasets_less/2016-03-06-263-235/116.csv,1
datasets_less/2016-03-06-263-235/139.csv,1
datasets_less/2016-03-21-235-263/16.csv,0
datasets_less/2016-03-21-235-263/35.csv,0
datasets_less/2016-03-21-235-263/39.csv,0
datasets_less/2016-03-21-235-263/79.csv,0
datasets_less/2016-12-16-280-291/13.csv,1
datasets_less/2016-12-16-280-291/31.csv,1
datasets_less/2016-12-16-280-291/74.csv,1
datasets_less/2016-12-16-280-291/98.csv,1
datasets_less/2017-02-05-291-235/37.csv,0
datasets_less/2017-02-05-291-235/62.csv,0
datasets_less/2017-02-05-291-235/98.csv,0
datasets_less/2017-02-05-291-235/150.csv,0
datasets_less/2017-02-18-235-291/18.csv,0
datasets_less/2017-02-18-235-291/28.csv,0
datasets_less/2017-02-18-235-291/74.csv,0
datasets_less/2017-02-18-235-291/93.csv,0
datasets_less/2017-03-05-291-235/17.csv,0
datasets_less/2017-03-05-291-235/29.csv,0
datasets_less/2017-03-05-291-235/35.csv,0
datasets_less/2017-03-05-291-235/108.csv,0
datasets_less/2017-12-15-298-276/17.csv,0
datasets_less/2017-12-15-298-276/49.csv,0
datasets_less/2017-12-15-298-276/96.csv,0
datasets_less/2017-12-15-298-276/111.csv,0
datasets_less/2017-12-27-298-276/59.csv,1
datasets_less/2017-12-27-298-276/84.csv,1
datasets_less/2017-12-27-298-276/87.csv,1
datasets_less/2017-12-27-298-276/94.csv,1
datasets_less/2018-02-12-235-276/13.csv,0
datasets_less/2018-02-12-235-276/26.csv,0
datasets_less/2018-02-12-235-276/143.csv,0
datasets_less/2018-02-12-235-276/156.csv,0
datasets_less/2018-02-24-276-235/12.csv,0
datasets_less/2018-02-24-276-235/54.csv,0
datasets_less/2018-02-24-276-235/65.csv,0
datasets_less/2018-02-24-276-235/71.csv,0
datasets_less/2018-03-11-235-276/12.csv,0
datasets_less/2018-03-11-235-276/29.csv,0
datasets_less/2018-03-11-235-276/50.csv,0
datasets_less/2018-03-11-235-276/96.csv,0
datasets_less/2018-03-20-276-235/31.csv,0
datasets_less/2018-03-20-276-235/41.csv,0
datasets_less/2018-03-20-276-235/63.csv,0
datasets_less/2018-03-20-276-235/74.csv,0
datasets_less/2018-03-30-235-276/20.csv,0
datasets_less/2018-03-30-235-276/35.csv,0
datasets_less/2018-03-30-235-276/46.csv,0
datasets_less/2018-03-30-235-276/102.csv,0
datasets_less/2018-12-17-255-263/14.csv,0
datasets_less/2018-12-17-255-263/57.csv,0
datasets_less/2018-12-17-255-263/62.csv,0
datasets_less/2018-12-17-255-263/69.csv,0
datasets_less/2019-02-02-255-235/16.csv,1
datasets_less/2019-02-02-255-235/29.csv,1
datasets_less/2019-02-02-255-235/36.csv,1
datasets_less/2019-02-02-255-235/39.csv,1
datasets_less/2019-02-10-235-255/20.csv,0
datasets_less/2019-02-10-235-255/34.csv,0
datasets_less/2019-02-10-235-255/45.csv,0
datasets_less/2019-02-10-235-255/51.csv,0
datasets_less/2019-03-17-235-255/24.csv,0
datasets_less/2019-03-17-235-255/27.csv,0
datasets_less/2019-03-17-235-255/53.csv,0
datasets_less/2019-03-17-235-255/85.csv,0
datasets_less/2019-12-16-315-306/44.csv,1
datasets_less/2019-12-16-315-306/49.csv,1
datasets_less/2019-12-16-315-306/52.csv,1
datasets_less/2019-12-27-306-315/36.csv,1
datasets_less/2019-12-27-306-315/74.csv,1
datasets_less/2019-12-27-306-315/75.csv,1
datasets_less/2019-12-27-306-315/80.csv,1
datasets_less/2020-02-01-235-315/15.csv,0
datasets_less/2020-02-01-235-315/17.csv,0
datasets_less/2020-02-01-235-315/74.csv,0
datasets_less/2020-02-01-235-315/89.csv,0
datasets_less/2020-02-16-315-235/16.csv,0
datasets_less/2020-02-16-315-235/19.csv,0
datasets_less/2020-02-16-315-235/36.csv,0
datasets_less/2020-02-16-315-235/77.csv,0
datasets_less/2020-03-01-235-315/12.csv,0
datasets_less/2020-03-01-235-315/36.csv,0
datasets_less/2020-03-01-235-315/50.csv,0
datasets_less/2020-03-01-235-315/67.csv,0
datasets_less/2020-03-17-315-235/20.csv,1
datasets_less/2020-03-17-315-235/33.csv,1
datasets_less/2020-03-17-315-235/61.csv,1
datasets_less/2020-03-17-315-235/68.csv,1
datasets_less/2020-12-18-260-255/25.csv,0
datasets_less/2020-12-18-260-255/35.csv,0
datasets_less/2020-12-18-260-255/78.csv,0
datasets_less/2020-12-18-260-255/107.csv,0
datasets_less/2021-02-06-235-260/18.csv,1
datasets_less/2021-02-06-235-260/36.csv,1
datasets_less/2021-02-06-235-260/38.csv,1
datasets_less/2021-02-06-235-260/48.csv,1
datasets_less/2021-02-20-260-235/24.csv,1
datasets_less/2021-02-20-260-235/40.csv,1
datasets_less/2021-02-20-260-235/49.csv,1
datasets_less/2021-02-20-260-235/52.csv,1
datasets_less/2021-03-07-235-260/41.csv,0
datasets_less/2021-03-07-235-260/85.csv,0
datasets_less/2021-03-07-235-260/103.csv,0
datasets_less/2021-03-07-235-260/115.csv,0
datasets_less/2021-03-17-260-235/32.csv,1
datasets_less/2021-03-17-260-235/45.csv,1
datasets_less/2021-03-17-260-235/48.csv,1
datasets_less/2021-03-17-260-235/56.csv,1
datasets_less/2015-04-30-264-263/60.csv,0
datasets_less/2015-04-30-264-263/68.csv,0
datasets_less/2015-04-30-264-263/118.csv,0
datasets_less/2015-04-30-264-263/134.csv,0
datasets_less/2015-06-02-264-175/18.csv,1
datasets_less/2015-06-02-264-175/29.csv,1
datasets_less/2015-06-02-264-175/99.csv,1
datasets_less/2015-06-02-264-175/107.csv,1
datasets_less/2015-06-16-175-264/29.csv,1
datasets_less/2015-06-16-175-264/36.csv,1
datasets_less/2015-06-16-175-264/62.csv,1
datasets_less/2015-06-16-175-264/119.csv,1
datasets_less/2015-07-04-264-175/73.csv,1
datasets_less/2015-07-04-264-175/95.csv,1
datasets_less/2015-07-04-264-175/96.csv,1
datasets_less/2015-07-04-264-175/99.csv,1
datasets_less/2015-07-15-175-264/41.csv,0
datasets_less/2015-07-15-175-264/55.csv,0
datasets_less/2015-07-15-175-264/75.csv,0
datasets_less/2015-07-15-175-264/83.csv,0
datasets_less/2016-04-28-249-276/19.csv,1
datasets_less/2016-04-28-249-276/38.csv,1
datasets_less/2016-04-28-249-276/51.csv,1
datasets_less/2016-04-28-249-276/76.csv,1
datasets_less/2016-06-03-175-276/19.csv,1
datasets_less/2016-06-03-175-276/28.csv,1
datasets_less/2016-06-03-175-276/63.csv,1
datasets_less/2016-06-03-175-276/85.csv,1
datasets_less/2016-06-18-276-175/30.csv,1
datasets_less/2016-06-18-276-175/50.csv,1
datasets_less/2016-06-18-276-175/66.csv,1
datasets_less/2016-06-18-276-175/87.csv,1
datasets_less/2016-07-02-175-276/17.csv,1
datasets_less/2016-07-02-175-276/55.csv,1
datasets_less/2016-07-02-175-276/61.csv,1
datasets_less/2016-07-02-175-276/95.csv,1
datasets_less/2016-07-13-276-175/19.csv,1
datasets_less/2016-07-13-276-175/34.csv,1
datasets_less/2016-07-13-276-175/58.csv,1
datasets_less/2016-07-13-276-175/77.csv,1
datasets_less/2016-08-01-276-175/33.csv,1
datasets_less/2016-08-01-276-175/56.csv,1
datasets_less/2016-08-01-276-175/80.csv,1
datasets_less/2016-08-01-276-175/98.csv,1
datasets_less/2017-04-25-260-286/73.csv,1
datasets_less/2017-04-25-260-286/77.csv,1
datasets_less/2017-04-25-260-286/81.csv,1
datasets_less/2017-04-25-260-286/92.csv,1
datasets_less/2017-06-01-286-175/22.csv,1
datasets_less/2017-06-01-286-175/59.csv,1
datasets_less/2017-06-01-286-175/65.csv,1
datasets_less/2017-06-01-286-175/87.csv,1
datasets_less/2017-06-17-175-286/11.csv,0
datasets_less/2017-06-17-175-286/58.csv,0
datasets_less/2017-06-17-175-286/112.csv,0
datasets_less/2017-06-17-175-286/114.csv,0
datasets_less/2017-07-01-286-175/12.csv,0
datasets_less/2017-07-01-286-175/38.csv,0
datasets_less/2017-07-01-286-175/55.csv,0
datasets_less/2017-07-11-175-286/15.csv,0
datasets_less/2017-07-11-175-286/43.csv,0
datasets_less/2017-07-11-175-286/95.csv,0
datasets_less/2017-07-11-175-286/102.csv,0
datasets_less/2018-05-01-204-264/20.csv,1
datasets_less/2018-05-01-204-264/36.csv,1
datasets_less/2018-05-01-204-264/50.csv,1
datasets_less/2018-05-01-204-264/78.csv,1
datasets_less/2018-06-06-264-175/22.csv,0
datasets_less/2018-06-06-264-175/39.csv,0
datasets_less/2018-06-06-264-175/64.csv,0
datasets_less/2018-06-06-264-175/85.csv,0
datasets_less/2018-06-16-175-264/18.csv,0
datasets_less/2018-06-16-175-264/29.csv,0
datasets_less/2018-06-16-175-264/35.csv,0
datasets_less/2018-06-16-175-264/55.csv,0
datasets_less/2018-06-30-264-175/22.csv,0
datasets_less/2018-06-30-264-175/91.csv,0
datasets_less/2018-06-30-264-175/132.csv,0
datasets_less/2018-06-30-264-175/133.csv,0
datasets_less/2018-07-10-175-264/20.csv,0
datasets_less/2018-07-10-175-264/52.csv,0
datasets_less/2018-07-10-175-264/76.csv,0
datasets_less/2018-07-10-175-264/124.csv,0
datasets_less/2018-07-17-175-264/28.csv,1
datasets_less/2018-07-17-175-264/38.csv,1
datasets_less/2018-07-17-175-264/72.csv,1
datasets_less/2018-07-17-175-264/85.csv,1
datasets_less/2019-04-26-235-195/13.csv,0
datasets_less/2019-04-26-235-195/29.csv,0
datasets_less/2019-04-26-235-195/42.csv,0
datasets_less/2019-04-26-235-195/65.csv,0
datasets_less/2019-06-04-235-264/24.csv,1
datasets_less/2019-06-04-235-264/42.csv,1
datasets_less/2019-06-04-235-264/87.csv,1
datasets_less/2019-06-04-235-264/122.csv,1
datasets_less/2019-06-19-264-235/36.csv,1
datasets_less/2019-06-19-264-235/52.csv,1
datasets_less/2019-06-19-264-235/61.csv,1
datasets_less/2019-06-19-264-235/67.csv,1
datasets_less/2019-06-29-235-264/16.csv,0
datasets_less/2019-06-29-235-264/38.csv,0
datasets_less/2019-06-29-235-264/54.csv,0
datasets_less/2019-06-29-235-264/55.csv,0
datasets_less/2019-07-09-264-235/14.csv,1
datasets_less/2019-07-09-264-235/19.csv,1
datasets_less/2019-07-09-264-235/55.csv,1
datasets_less/2019-07-09-264-235/116.csv,1
datasets_less/2020-06-04-276-307/23.csv,1
datasets_less/2020-06-04-276-307/34.csv,1
datasets_less/2020-06-04-276-307/58.csv,1
datasets_less/2020-06-04-276-307/71.csv,1
datasets_less/2020-06-08-307-235/70.csv,0
datasets_less/2020-06-08-307-235/71.csv,0
datasets_less/2020-06-08-307-235/116.csv,0
datasets_less/2020-06-08-307-235/120.csv,0
datasets_less/2020-06-28-235-307/21.csv,1
datasets_less/2020-06-28-235-307/39.csv,1
datasets_less/2020-06-28-235-307/58.csv,1
datasets_less/2020-06-28-235-307/78.csv,1
datasets_less/2020-07-09-307-235/21.csv,1
datasets_less/2020-07-09-307-235/48.csv,1
datasets_less/2020-07-09-307-235/98.csv,1
datasets_less/2020-07-09-307-235/117.csv,1
datasets_less/2020-07-16-235-307/60.csv,1
datasets_less/2020-07-16-235-307/69.csv,1
datasets_less/2020-07-16-235-307/77.csv,1
datasets_less/2020-07-16-235-307/83.csv,1
datasets_less/2021-04-30-235-276/23.csv,0
datasets_less/2021-04-30-235-276/46.csv,0
datasets_less/2021-04-30-235-276/63.csv,0
datasets_less/2021-04-30-235-276/111.csv,0
datasets_less/2021-06-06-235-307/11.csv,1
datasets_less/2021-06-06-235-307/27.csv,1
datasets_less/2021-06-06-235-307/45.csv,1
datasets_less/2021-06-06-235-307/66.csv,1
datasets_less/2021-06-18-307-235/55.csv,0
datasets_less/2021-06-18-307-235/68.csv,0
datasets_less/2021-06-18-307-235/81.csv,0
datasets_less/2021-06-18-307-235/99.csv,0
datasets_less/2021-07-03-235-307/18.csv,1
datasets_less/2021-07-03-235-307/43.csv,1
datasets_less/2021-07-03-235-307/50.csv,1
datasets_less/2021-07-03-235-307/76.csv,1
datasets_less/2022-04-25-235-276/85.csv,1
datasets_less/2022-04-25-235-276/87.csv,1
datasets_less/2022-04-25-235-276/114.csv,1
datasets_less/2022-04-25-235-276/126.csv,1
datasets_less/2022-06-03-307-276/44.csv,1
datasets_less/2022-06-03-307-276/45.csv,1
datasets_less/2022-06-03-307-276/49.csv,1
datasets_less/2022-06-03-307-276/51.csv,1
datasets_less/2022-06-03-276-307/13.csv,0
datasets_less/2022-06-03-276-307/17.csv,0
datasets_less/2022-06-03-276-307/32.csv,0
datasets_less/2022-06-03-276-307/35.csv,0
datasets_less/2022-06-15-276-307/59.csv,1
datasets_less/2022-06-15-276-307/88.csv,1
datasets_less/2022-06-15-276-307/94.csv,1
datasets_less/2022-06-15-276-307/99.csv,1
datasets_less/2022-07-04-307-276/46.csv,0
datasets_less/2022-07-04-307-276/74.csv,0
datasets_less/2022-07-04-307-276/77.csv,0
datasets_less/2022-07-04-307-276/96.csv,0
datasets_less/2022-07-17-276-307/38.csv,1
datasets_less/2022-07-17-276-307/40.csv,1
datasets_less/2022-07-17-276-307/92.csv,1
datasets_less/2022-07-17-276-307/97.csv,1
datasets_less/2015-05-18-255-222/11.csv,0
datasets_less/2015-05-18-255-222/27.csv,0
datasets_less/2015-05-18-255-222/40.csv,0
datasets_less/2015-05-18-255-222/73.csv,0
datasets_less/2015-05-18-222-255/33.csv,0
datasets_less/2015-05-18-222-255/48.csv,0
datasets_less/2015-05-18-222-255/79.csv,0
datasets_less/2015-05-18-222-255/91.csv,0
datasets_less/2015-07-07-255-175/29.csv,1
datasets_less/2015-07-07-255-175/40.csv,1
datasets_less/2015-07-07-255-175/97.csv,1
datasets_less/2015-07-07-255-175/101.csv,1
datasets_less/2015-07-21-175-255/16.csv,0
datasets_less/2015-07-21-175-255/38.csv,0
datasets_less/2015-07-21-175-255/77.csv,0
datasets_less/2015-07-21-175-255/91.csv,0
datasets_less/2015-08-05-255-175/42.csv,0
datasets_less/2015-08-05-255-175/76.csv,0
datasets_less/2015-08-05-255-175/81.csv,0
datasets_less/2015-08-05-255-175/101.csv,0
datasets_less/2015-08-18-175-255/15.csv,0
datasets_less/2015-08-18-175-255/26.csv,0
datasets_less/2015-08-18-175-255/61.csv,0
datasets_less/2015-08-18-175-255/68.csv,0
datasets_less/2015-08-26-255-175/24.csv,1
datasets_less/2015-08-26-255-175/33.csv,1
datasets_less/2015-08-26-255-175/75.csv,1
datasets_less/2015-08-26-255-175/80.csv,1
datasets_less/2016-05-17-255-182/18.csv,0
datasets_less/2016-05-17-255-182/69.csv,0
datasets_less/2016-05-17-255-182/71.csv,0
datasets_less/2016-05-17-255-182/73.csv,0
datasets_less/2016-05-17-224-264/13.csv,1
datasets_less/2016-05-17-224-264/32.csv,1
datasets_less/2016-05-17-224-264/83.csv,1
datasets_less/2016-05-17-224-264/117.csv,1
datasets_less/2016-05-17-222-183/15.csv,0
datasets_less/2016-05-17-222-183/65.csv,0
datasets_less/2016-05-17-222-183/68.csv,0
datasets_less/2016-05-17-222-183/85.csv,0
datasets_less/2016-05-17-278-138/15.csv,0
datasets_less/2016-05-17-278-138/48.csv,0
datasets_less/2016-05-17-278-138/50.csv,0
datasets_less/2016-05-17-278-138/52.csv,0
datasets_less/2016-06-01-222-264/15.csv,0
datasets_less/2016-06-01-222-264/62.csv,0
datasets_less/2016-06-01-222-264/69.csv,0
datasets_less/2016-06-01-222-264/80.csv,0
datasets_less/2016-07-05-175-222/16.csv,1
datasets_less/2016-07-05-175-222/57.csv,1
datasets_less/2016-07-05-175-222/68.csv,1
datasets_less/2016-07-05-175-222/76.csv,1
datasets_less/2016-07-27-222-175/11.csv,1
datasets_less/2016-07-27-222-175/29.csv,1
datasets_less/2016-07-27-222-175/81.csv,1
datasets_less/2016-07-27-222-175/95.csv,1
datasets_less/2016-08-22-222-175/53.csv,0
datasets_less/2016-08-22-222-175/74.csv,0
datasets_less/2016-08-22-222-175/77.csv,0
datasets_less/2016-08-22-222-175/81.csv,0
datasets_less/2016-08-30-175-222/16.csv,1
datasets_less/2016-08-30-175-222/18.csv,1
datasets_less/2016-08-30-175-222/46.csv,1
datasets_less/2016-08-30-175-222/75.csv,1
datasets_less/2016-09-12-222-175/29.csv,1
datasets_less/2016-09-12-222-175/58.csv,1
datasets_less/2016-09-12-222-175/60.csv,1
datasets_less/2016-09-12-222-175/65.csv,1
datasets_less/2017-05-22-278-235/14.csv,0
datasets_less/2017-05-22-278-235/15.csv,0
datasets_less/2017-05-22-278-235/20.csv,0
datasets_less/2017-05-22-278-235/29.csv,0
datasets_less/2017-05-22-235-278/18.csv,1
datasets_less/2017-05-22-235-278/47.csv,1
datasets_less/2017-05-22-235-278/71.csv,1
datasets_less/2017-05-22-235-278/91.csv,1
datasets_less/2017-05-22-264-263/63.csv,0
datasets_less/2017-05-22-264-263/84.csv,0
datasets_less/2017-05-22-264-263/85.csv,0
datasets_less/2017-05-22-264-263/87.csv,0
datasets_less/2017-05-22-280-194/17.csv,0
datasets_less/2017-05-22-280-194/20.csv,0
datasets_less/2017-05-22-280-194/22.csv,0
datasets_less/2017-05-22-280-194/39.csv,0
datasets_less/2017-05-22-194-280/18.csv,0
datasets_less/2017-05-22-194-280/20.csv,0
datasets_less/2017-05-22-194-280/42.csv,0
datasets_less/2017-05-22-194-280/92.csv,0
datasets_less/2017-05-22-222-274/23.csv,1
datasets_less/2017-05-22-222-274/108.csv,1
datasets_less/2017-05-22-222-274/125.csv,1
datasets_less/2017-05-22-222-274/131.csv,1
datasets_less/2017-06-09-278-274/13.csv,0
datasets_less/2017-06-09-278-274/53.csv,0
datasets_less/2017-06-09-278-274/59.csv,0
datasets_less/2017-06-09-278-274/75.csv,0
datasets_less/2017-07-05-175-278/35.csv,1
datasets_less/2017-07-05-175-278/42.csv,1
datasets_less/2017-07-05-175-278/118.csv,1
datasets_less/2017-07-05-175-278/126.csv,1
datasets_less/2017-07-25-278-175/69.csv,0
datasets_less/2017-07-25-278-175/76.csv,0
datasets_less/2017-07-25-278-175/77.csv,0
datasets_less/2017-07-25-278-175/85.csv,0
datasets_less/2017-08-08-175-278/53.csv,0
datasets_less/2017-08-08-175-278/77.csv,0
datasets_less/2017-08-08-175-278/88.csv,0
datasets_less/2017-08-08-175-278/90.csv,0
datasets_less/2017-08-22-278-175/31.csv,0
datasets_less/2017-08-22-278-175/35.csv,0
datasets_less/2017-08-22-278-175/50.csv,0
datasets_less/2017-08-22-278-175/57.csv,0
datasets_less/2017-08-29-175-278/35.csv,1
datasets_less/2017-08-29-175-278/38.csv,1
datasets_less/2017-08-29-175-278/40.csv,1
datasets_less/2017-08-29-175-278/52.csv,1
datasets_less/2018-05-17-175-231/19.csv,0
datasets_less/2018-05-17-175-231/31.csv,0
datasets_less/2018-05-17-175-231/33.csv,0
datasets_less/2018-05-17-175-231/43.csv,0
datasets_less/2018-05-17-249-222/75.csv,1
datasets_less/2018-05-17-249-222/76.csv,1
datasets_less/2018-05-17-249-222/125.csv,1
datasets_less/2018-05-17-249-222/128.csv,1
datasets_less/2018-05-17-264-306/11.csv,0
datasets_less/2018-05-17-264-306/28.csv,0
datasets_less/2018-05-17-264-306/53.csv,0
datasets_less/2018-05-17-264-306/63.csv,0
datasets_less/2018-05-17-233-274/17.csv,0
datasets_less/2018-05-17-233-274/33.csv,0
datasets_less/2018-05-17-233-274/35.csv,0
datasets_less/2018-05-17-233-274/52.csv,0
datasets_less/2018-05-30-264-274/13.csv,0
datasets_less/2018-05-30-264-274/71.csv,0
datasets_less/2018-05-30-264-274/79.csv,0
datasets_less/2018-05-30-264-274/95.csv,0
datasets_less/2018-06-04-175-264/47.csv,1
datasets_less/2018-06-04-175-264/69.csv,1
datasets_less/2018-06-04-175-264/75.csv,1
datasets_less/2018-06-04-175-264/86.csv,1
datasets_less/2018-07-04-278-264/53.csv,0
datasets_less/2018-07-04-278-264/57.csv,0
datasets_less/2018-07-04-278-264/104.csv,0
datasets_less/2018-07-04-278-264/114.csv,0
datasets_less/2018-07-24-264-278/29.csv,0
datasets_less/2018-07-24-264-278/60.csv,0
datasets_less/2018-07-24-264-278/73.csv,0
datasets_less/2018-07-24-264-278/74.csv,0
datasets_less/2018-08-01-278-264/35.csv,0
datasets_less/2018-08-01-278-264/90.csv,0
datasets_less/2018-08-01-278-264/92.csv,0
datasets_less/2018-08-01-278-264/149.csv,0
datasets_less/2018-08-22-264-278/42.csv,0
datasets_less/2018-08-22-264-278/45.csv,0
datasets_less/2018-08-22-264-278/47.csv,0
datasets_less/2018-08-22-264-278/87.csv,0
datasets_less/2018-08-29-278-264/22.csv,0
datasets_less/2018-08-29-278-264/50.csv,0
datasets_less/2018-08-29-278-264/52.csv,0
datasets_less/2018-08-29-278-264/128.csv,0
datasets_less/2018-09-10-264-278/25.csv,0
datasets_less/2018-09-10-264-278/82.csv,0
datasets_less/2018-09-10-264-278/95.csv,0
datasets_less/2018-09-10-264-278/146.csv,0
datasets_less/2018-09-26-264-278/48.csv,0
datasets_less/2018-09-26-264-278/53.csv,0
datasets_less/2018-09-26-264-278/70.csv,0
datasets_less/2018-09-26-264-278/76.csv,0
datasets_less/2019-06-04-222-278/73.csv,0
datasets_less/2019-06-04-222-278/181.csv,0
datasets_less/2019-06-04-222-278/190.csv,0
datasets_less/2019-06-04-222-278/191.csv,0
datasets_less/2019-06-04-175-276/70.csv,0
datasets_less/2019-06-04-175-276/77.csv,0
datasets_less/2019-06-04-175-276/79.csv,0
datasets_less/2019-06-04-175-276/115.csv,0
datasets_less/2019-06-06-175-222/72.csv,1
datasets_less/2019-06-06-175-222/120.csv,1
datasets_less/2019-06-06-175-222/123.csv,1
datasets_less/2019-06-06-175-222/128.csv,1
datasets_less/2019-07-03-264-222/17.csv,0
datasets_less/2019-07-03-264-222/28.csv,0
datasets_less/2019-07-03-264-222/62.csv,0
datasets_less/2019-07-03-264-222/94.csv,0
datasets_less/2019-07-30-222-264/31.csv,1
datasets_less/2019-07-30-222-264/63.csv,1
datasets_less/2019-07-30-222-264/70.csv,1
datasets_less/2019-07-30-222-264/93.csv,1
datasets_less/2019-08-08-264-222/33.csv,1
datasets_less/2019-08-08-264-222/40.csv,1
datasets_less/2019-08-08-264-222/56.csv,1
datasets_less/2019-08-08-264-222/80.csv,1
datasets_less/2019-08-20-222-264/89.csv,0
datasets_less/2019-08-20-222-264/145.csv,0
datasets_less/2019-08-20-222-264/164.csv,0
datasets_less/2019-08-20-222-264/268.csv,0
datasets_less/2019-08-27-264-222/46.csv,0
datasets_less/2019-08-27-264-222/47.csv,0
datasets_less/2019-08-27-264-222/97.csv,0
datasets_less/2019-08-27-264-222/125.csv,0
datasets_less/2019-09-09-222-264/18.csv,0
datasets_less/2019-09-09-222-264/23.csv,0
datasets_less/2019-09-09-222-264/67.csv,0
datasets_less/2019-09-09-222-264/102.csv,0
datasets_less/2019-09-25-264-222/37.csv,1
datasets_less/2019-09-25-264-222/39.csv,1
datasets_less/2019-09-25-264-222/43.csv,1
datasets_less/2019-09-25-264-222/73.csv,1
datasets_less/2020-06-23-307-276/35.csv,0
datasets_less/2020-06-23-307-276/55.csv,0
datasets_less/2020-06-23-307-276/64.csv,0
datasets_less/2020-06-23-307-276/102.csv,0
datasets_less/2020-07-01-307-222/32.csv,0
datasets_less/2020-07-01-307-222/57.csv,0
datasets_less/2020-07-01-307-222/64.csv,0
datasets_less/2020-07-01-307-222/70.csv,0
datasets_less/2020-07-13-222-307/62.csv,1
datasets_less/2020-07-13-222-307/80.csv,1
datasets_less/2020-07-13-222-307/96.csv,1
datasets_less/2020-07-13-222-307/101.csv,1
datasets_less/2020-08-04-307-222/17.csv,0
datasets_less/2020-08-04-307-222/41.csv,0
datasets_less/2020-08-04-307-222/70.csv,0
datasets_less/2020-08-04-307-222/135.csv,0
datasets_less/2020-08-19-222-307/21.csv,1
datasets_less/2020-08-19-222-307/33.csv,1
datasets_less/2020-08-19-222-307/45.csv,1
datasets_less/2020-08-19-222-307/71.csv,1
datasets_less/2021-05-24-175-264/53.csv,1
datasets_less/2021-05-24-175-264/61.csv,1
datasets_less/2021-05-24-175-264/73.csv,1
datasets_less/2021-05-24-175-264/79.csv,1
datasets_less/2021-06-29-307-264/30.csv,1
datasets_less/2021-06-29-307-264/57.csv,1
datasets_less/2021-06-29-307-264/93.csv,1
datasets_less/2021-06-29-307-264/94.csv,1
datasets_less/2021-07-13-264-307/14.csv,1
datasets_less/2021-07-13-264-307/52.csv,1
datasets_less/2021-07-13-264-307/58.csv,1
datasets_less/2021-07-13-264-307/83.csv,1
datasets_less/2021-07-21-307-264/64.csv,0
datasets_less/2021-07-21-307-264/77.csv,0
datasets_less/2021-07-21-307-264/91.csv,0
datasets_less/2021-07-21-307-264/111.csv,0
datasets_less/2021-08-18-264-307/34.csv,1
datasets_less/2021-08-18-264-307/41.csv,1
datasets_less/2021-08-18-264-307/63.csv,1
datasets_less/2021-08-18-264-307/80.csv,1
datasets_less/2021-08-24-307-264/11.csv,0
datasets_less/2021-08-24-307-264/15.csv,0
datasets_less/2021-08-24-307-264/57.csv,0
datasets_less/2021-08-24-307-264/70.csv,0
datasets_less/2022-05-31-264-314/77.csv,0
datasets_less/2022-05-31-264-314/107.csv,0
datasets_less/2022-05-31-264-314/121.csv,0
datasets_less/2022-05-31-264-314/140.csv,0
datasets_less/2022-06-28-264-307/20.csv,0
datasets_less/2022-06-28-264-307/55.csv,0
datasets_less/2022-06-28-264-307/83.csv,0
datasets_less/2022-06-28-264-307/96.csv,0
datasets_less/2022-07-13-307-264/24.csv,0
datasets_less/2022-07-13-307-264/59.csv,0
datasets_less/2022-07-13-307-264/89.csv,0
datasets_less/2022-07-13-307-264/94.csv,0
datasets_less/2022-07-20-264-307/12.csv,1
datasets_less/2022-07-20-264-307/23.csv,1
datasets_less/2022-07-20-264-307/52.csv,1
datasets_less/2022-07-20-264-307/55.csv,1
datasets_less/2022-08-24-307-264/18.csv,0
datasets_less/2022-08-24-307-264/56.csv,0
datasets_less/2022-08-24-307-264/68.csv,0
datasets_less/2022-08-24-307-264/75.csv,0
datasets_less/2022-09-05-264-307/26.csv,1
datasets_less/2022-09-05-264-307/80.csv,1
datasets_less/2022-09-05-264-307/95.csv,1
datasets_less/2022-09-05-264-307/108.csv,1
datasets_less/2015-07-21-264-263/46.csv,1
datasets_less/2015-07-21-264-263/84.csv,1
datasets_less/2015-07-21-264-263/93.csv,1
datasets_less/2015-09-02-175-263/12.csv,0
datasets_less/2015-09-02-175-263/37.csv,0
datasets_less/2015-09-02-175-263/77.csv,0
datasets_less/2015-09-02-175-263/79.csv,0
datasets_less/2015-09-17-263-175/33.csv,0
datasets_less/2015-09-17-263-175/44.csv,0
datasets_less/2015-09-17-263-175/85.csv,0
datasets_less/2015-09-17-263-175/89.csv,0
datasets_less/2015-09-24-175-263/28.csv,1
datasets_less/2015-09-24-175-263/30.csv,1
datasets_less/2015-09-24-175-263/44.csv,1
datasets_less/2015-09-24-175-263/61.csv,1
datasets_less/2015-10-06-263-175/27.csv,1
datasets_less/2015-10-06-263-175/36.csv,1
datasets_less/2015-10-06-263-175/43.csv,1
datasets_less/2015-10-06-263-175/57.csv,1
datasets_less/2015-10-26-175-263/32.csv,0
datasets_less/2015-10-26-175-263/33.csv,0
datasets_less/2015-10-26-175-263/65.csv,0
datasets_less/2015-10-26-175-263/77.csv,0
datasets_less/2016-07-25-260-263/54.csv,0
datasets_less/2016-07-25-260-263/78.csv,0
datasets_less/2016-07-25-260-263/127.csv,0
datasets_less/2016-07-25-260-263/138.csv,0
datasets_less/2016-09-06-175-260/49.csv,0
datasets_less/2016-09-06-175-260/64.csv,0
datasets_less/2016-09-06-175-260/70.csv,0
datasets_less/2016-09-06-175-260/74.csv,0
datasets_less/2016-09-20-260-175/11.csv,1
datasets_less/2016-09-20-260-175/83.csv,1
datasets_less/2016-09-20-260-175/102.csv,1
datasets_less/2016-09-20-260-175/148.csv,1
datasets_less/2016-10-04-175-260/21.csv,0
datasets_less/2016-10-04-175-260/82.csv,0
datasets_less/2016-10-04-175-260/86.csv,0
datasets_less/2016-10-04-175-260/95.csv,0
datasets_less/2017-07-28-300-261/28.csv,1
datasets_less/2017-07-28-300-261/42.csv,1
datasets_less/2017-07-28-300-261/61.csv,1
datasets_less/2017-07-28-300-261/77.csv,1
datasets_less/2017-09-05-261-175/16.csv,0
datasets_less/2017-09-05-261-175/90.csv,0
datasets_less/2017-09-05-261-175/144.csv,0
datasets_less/2017-09-05-261-175/175.csv,0
datasets_less/2017-09-19-175-261/97.csv,1
datasets_less/2017-09-19-175-261/99.csv,1
datasets_less/2017-09-19-175-261/143.csv,1
datasets_less/2017-09-19-175-261/151.csv,1
datasets_less/2017-10-03-261-175/26.csv,1
datasets_less/2017-10-03-261-175/28.csv,1
datasets_less/2017-10-03-261-175/36.csv,1
datasets_less/2017-10-03-261-175/66.csv,1
datasets_less/2017-10-11-175-261/22.csv,1
datasets_less/2017-10-11-175-261/23.csv,1
datasets_less/2017-10-11-175-261/24.csv,1
datasets_less/2017-10-11-175-261/75.csv,1
datasets_less/2018-07-27-286-235/66.csv,0
datasets_less/2018-07-27-286-235/75.csv,0
datasets_less/2018-07-27-286-235/95.csv,0
datasets_less/2018-07-27-286-235/105.csv,0
datasets_less/2018-09-04-286-261/56.csv,0
datasets_less/2018-09-04-286-261/67.csv,0
datasets_less/2018-09-04-286-261/127.csv,0
datasets_less/2018-09-20-261-286/14.csv,1
datasets_less/2018-09-20-261-286/47.csv,1
datasets_less/2018-09-20-261-286/50.csv,1
datasets_less/2018-09-20-261-286/132.csv,1
datasets_less/2018-10-02-286-261/11.csv,1
datasets_less/2018-10-02-286-261/13.csv,1
datasets_less/2018-10-02-286-261/71.csv,1
datasets_less/2018-10-02-286-261/87.csv,1
datasets_less/2018-10-16-261-286/17.csv,0
datasets_less/2018-10-16-261-286/19.csv,0
datasets_less/2018-10-16-261-286/34.csv,0
datasets_less/2018-10-16-261-286/110.csv,0
datasets_less/2018-10-30-286-261/16.csv,0
datasets_less/2018-10-30-286-261/18.csv,0
datasets_less/2018-10-30-286-261/36.csv,0
datasets_less/2018-10-30-286-261/50.csv,0
datasets_less/2019-07-25-276-264/52.csv,0
datasets_less/2019-07-25-276-264/92.csv,0
datasets_less/2019-07-25-276-264/98.csv,0
datasets_less/2019-07-25-276-264/105.csv,0
datasets_less/2019-09-02-276-286/13.csv,1
datasets_less/2019-09-02-276-286/36.csv,1
datasets_less/2019-09-02-276-286/43.csv,1
datasets_less/2019-09-02-276-286/47.csv,1
datasets_less/2019-09-18-286-276/25.csv,1
datasets_less/2019-09-18-286-276/47.csv,1
datasets_less/2019-09-18-286-276/69.csv,1
datasets_less/2019-09-18-286-276/113.csv,1
datasets_less/2019-10-01-276-286/17.csv,0
datasets_less/2019-10-01-276-286/111.csv,0
datasets_less/2019-10-01-276-286/117.csv,0
datasets_less/2019-10-01-276-286/132.csv,0
datasets_less/2020-08-03-235-207/27.csv,1
datasets_less/2020-08-03-235-207/33.csv,1
datasets_less/2020-08-03-235-207/62.csv,1
datasets_less/2020-08-03-235-207/70.csv,1
datasets_less/2020-09-03-276-207/84.csv,0
datasets_less/2020-09-03-276-207/90.csv,0
datasets_less/2020-09-03-276-207/113.csv,0
datasets_less/2020-09-03-276-207/153.csv,0
datasets_less/2020-09-09-207-276/25.csv,0
datasets_less/2020-09-09-207-276/50.csv,0
datasets_less/2020-09-09-207-276/54.csv,0
datasets_less/2020-09-09-207-276/71.csv,0
datasets_less/2020-09-24-276-207/18.csv,0
datasets_less/2020-09-24-276-207/20.csv,0
datasets_less/2020-09-24-276-207/96.csv,0
datasets_less/2020-09-24-276-207/110.csv,0
datasets_less/2020-10-06-207-276/85.csv,0
datasets_less/2020-10-06-207-276/93.csv,0
datasets_less/2020-10-06-207-276/124.csv,0
datasets_less/2020-10-06-207-276/188.csv,0
datasets_less/2020-10-14-207-276/22.csv,1
datasets_less/2020-10-14-207-276/41.csv,1
datasets_less/2020-10-14-207-276/57.csv,1
datasets_less/2020-10-14-207-276/64.csv,1
datasets_less/2021-07-19-182-222/21.csv,1
datasets_less/2021-07-19-182-222/35.csv,1
datasets_less/2021-07-19-182-222/81.csv,1
datasets_less/2021-07-19-182-222/99.csv,1
datasets_less/2021-09-01-276-222/51.csv,1
datasets_less/2021-09-01-276-222/80.csv,1
datasets_less/2021-09-01-276-222/91.csv,1
datasets_less/2021-09-01-276-222/114.csv,1
datasets_less/2021-09-15-222-276/44.csv,1
datasets_less/2021-09-15-222-276/61.csv,1
datasets_less/2021-09-15-222-276/67.csv,1
datasets_less/2021-09-15-222-276/92.csv,1
datasets_less/2021-09-22-276-222/18.csv,0
datasets_less/2021-09-22-276-222/26.csv,0
datasets_less/2021-09-22-276-222/59.csv,0
datasets_less/2021-09-22-276-222/109.csv,0
datasets_less/2021-10-05-222-276/25.csv,1
datasets_less/2021-10-05-222-276/36.csv,1
datasets_less/2021-10-05-222-276/37.csv,1
datasets_less/2021-10-05-222-276/112.csv,1
datasets_less/2022-07-25-264-308/59.csv,0
datasets_less/2022-07-25-264-308/62.csv,0
datasets_less/2022-07-25-264-308/84.csv,0
datasets_less/2022-07-25-264-308/102.csv,0
datasets_less/2022-08-31-276-264/55.csv,1
datasets_less/2022-08-31-276-264/76.csv,1
datasets_less/2022-08-31-276-264/78.csv,1
datasets_less/2022-08-31-276-264/105.csv,1
datasets_less/2022-09-13-264-276/71.csv,1
datasets_less/2022-09-13-264-276/73.csv,1
datasets_less/2022-09-13-264-276/103.csv,1
datasets_less/2022-09-13-276-264/40.csv,0
datasets_less/2022-09-13-276-264/53.csv,0
datasets_less/2022-09-13-276-264/75.csv,0
datasets_less/2022-09-13-276-264/78.csv,0
datasets_less/2022-09-27-276-264/50.csv,0
datasets_less/2022-09-27-276-264/68.csv,0
datasets_less/2022-09-27-276-264/75.csv,0
datasets_less/2022-09-27-276-264/80.csv,0
datasets_less/2022-10-04-264-276/35.csv,1
datasets_less/2022-10-04-264-276/46.csv,1
datasets_less/2022-10-04-264-276/102.csv,1
datasets_less/2015-06-26-291-286/13.csv,1
datasets_less/2015-06-26-291-286/18.csv,1
datasets_less/2015-06-26-291-286/38.csv,1
datasets_less/2015-06-26-291-286/83.csv,1
datasets_less/2015-06-29-269-264/24.csv,0
datasets_less/2015-06-29-269-264/29.csv,0
datasets_less/2015-06-29-269-264/75.csv,0
datasets_less/2015-06-29-269-264/81.csv,0
datasets_less/2015-07-01-202-235/40.csv,1
datasets_less/2015-07-01-202-235/63.csv,1
datasets_less/2015-07-01-202-235/80.csv,1
datasets_less/2015-07-01-202-235/97.csv,1
datasets_less/2015-07-01-276-286/74.csv,0
datasets_less/2015-07-01-276-286/76.csv,0
datasets_less/2015-07-01-276-286/87.csv,0
datasets_less/2015-07-01-276-286/90.csv,0
datasets_less/2015-07-10-235-233/24.csv,0
datasets_less/2015-07-10-235-233/27.csv,0
datasets_less/2015-07-10-235-233/43.csv,0
datasets_less/2015-07-10-235-233/56.csv,0
datasets_less/2015-07-13-198-276/41.csv,1
datasets_less/2015-07-13-198-276/48.csv,1
datasets_less/2015-07-13-198-276/49.csv,1
datasets_less/2015-07-13-198-276/78.csv,1
datasets_less/2015-07-24-276-182/50.csv,0
datasets_less/2015-07-24-276-182/86.csv,0
datasets_less/2015-07-24-276-182/103.csv,0
datasets_less/2015-07-24-276-182/152.csv,0
datasets_less/2015-08-03-276-175/17.csv,0
datasets_less/2015-08-03-276-175/47.csv,0
datasets_less/2015-08-03-276-175/61.csv,0
datasets_less/2015-08-03-276-175/71.csv,0
datasets_less/2015-08-03-235-269/24.csv,0
datasets_less/2015-08-03-235-269/67.csv,0
datasets_less/2015-08-03-235-269/72.csv,0
datasets_less/2015-08-03-235-269/87.csv,0
datasets_less/2015-08-11-276-235/22.csv,1
datasets_less/2015-08-11-276-235/74.csv,1
datasets_less/2015-08-11-276-235/86.csv,1
datasets_less/2015-08-11-276-235/97.csv,1
datasets_less/2015-08-31-235-276/16.csv,1
datasets_less/2015-08-31-235-276/20.csv,1
datasets_less/2015-08-31-235-276/44.csv,1
datasets_less/2015-08-31-235-276/71.csv,1
datasets_less/2015-09-14-235-276/13.csv,0
datasets_less/2015-09-14-235-276/76.csv,0
datasets_less/2015-09-14-235-276/90.csv,0
datasets_less/2015-09-14-235-276/109.csv,0
datasets_less/2015-10-15-235-260/45.csv,1
datasets_less/2015-10-15-235-260/116.csv,1
datasets_less/2015-10-15-235-260/120.csv,1
datasets_less/2015-10-15-235-260/125.csv,1
datasets_less/2015-10-29-260-235/18.csv,1
datasets_less/2015-10-29-260-235/31.csv,1
datasets_less/2015-10-29-260-235/35.csv,1
datasets_less/2015-10-29-260-235/42.csv,1
datasets_less/2015-11-05-235-260/19.csv,0
datasets_less/2015-11-05-235-260/75.csv,0
datasets_less/2015-11-05-235-260/91.csv,0
datasets_less/2015-11-05-235-260/93.csv,0
datasets_less/2015-11-19-260-235/16.csv,1
datasets_less/2015-11-19-260-235/22.csv,1
datasets_less/2015-11-19-260-235/23.csv,1
datasets_less/2015-11-19-260-235/62.csv,1
datasets_less/2015-12-02-235-260/39.csv,0
datasets_less/2015-12-02-235-260/91.csv,0
datasets_less/2015-12-02-235-260/98.csv,0
datasets_less/2015-12-02-235-260/109.csv,0
datasets_less/2016-06-27-298-300/25.csv,1
datasets_less/2016-06-27-298-300/31.csv,1
datasets_less/2016-06-27-298-300/60.csv,1
datasets_less/2016-06-27-298-300/63.csv,1
datasets_less/2016-06-30-277-276/15.csv,0
datasets_less/2016-06-30-277-276/22.csv,0
datasets_less/2016-06-30-277-276/103.csv,0
datasets_less/2016-06-30-277-276/113.csv,0
datasets_less/2016-07-01-300-219/12.csv,0
datasets_less/2016-07-01-300-219/60.csv,0
datasets_less/2016-07-01-300-219/64.csv,0
datasets_less/2016-07-01-300-219/87.csv,0
datasets_less/2016-07-07-264-300/49.csv,1
datasets_less/2016-07-07-264-300/81.csv,1
datasets_less/2016-07-07-264-300/89.csv,1
datasets_less/2016-07-07-264-300/96.csv,1
datasets_less/2016-07-08-207-277/11.csv,0
datasets_less/2016-07-08-207-277/13.csv,0
datasets_less/2016-07-08-207-277/66.csv,0
datasets_less/2016-07-08-207-277/71.csv,0
datasets_less/2016-07-11-195-204/16.csv,1
datasets_less/2016-07-11-195-204/55.csv,1
datasets_less/2016-07-11-195-204/67.csv,1
datasets_less/2016-07-11-195-204/68.csv,1
datasets_less/2016-07-15-300-201/24.csv,1
datasets_less/2016-07-15-300-201/29.csv,1
datasets_less/2016-07-15-300-201/53.csv,1
datasets_less/2016-07-15-300-201/59.csv,1
datasets_less/2016-07-26-207-204/33.csv,1
datasets_less/2016-07-26-207-204/59.csv,1
datasets_less/2016-07-26-207-204/65.csv,1
datasets_less/2016-07-26-207-204/70.csv,1
datasets_less/2016-07-29-194-201/34.csv,0
datasets_less/2016-07-29-194-201/149.csv,0
datasets_less/2016-07-29-194-201/154.csv,0
datasets_less/2016-07-29-194-201/160.csv,0
datasets_less/2016-08-15-194-204/13.csv,0
datasets_less/2016-08-15-194-204/36.csv,0
datasets_less/2016-08-15-194-204/69.csv,0
datasets_less/2016-08-15-194-204/96.csv,0
datasets_less/2016-08-26-204-194/13.csv,0
datasets_less/2016-08-26-204-194/39.csv,0
datasets_less/2016-08-26-204-194/42.csv,0
datasets_less/2016-08-26-204-194/66.csv,0
datasets_less/2016-09-08-204-194/23.csv,0
datasets_less/2016-09-08-204-194/50.csv,0
datasets_less/2016-09-08-204-194/62.csv,0
datasets_less/2016-09-08-204-194/63.csv,0
datasets_less/2016-10-15-194-235/21.csv,1
datasets_less/2016-10-15-194-235/23.csv,1
datasets_less/2016-10-15-194-235/54.csv,1
datasets_less/2016-10-15-194-235/55.csv,1
datasets_less/2016-10-27-235-194/15.csv,1
datasets_less/2016-10-27-235-194/36.csv,1
datasets_less/2016-10-27-235-194/40.csv,1
datasets_less/2016-10-27-235-194/53.csv,1
datasets_less/2016-11-07-194-235/52.csv,0
datasets_less/2016-11-07-194-235/129.csv,0
datasets_less/2016-11-07-194-235/133.csv,0
datasets_less/2016-11-07-194-235/141.csv,0
datasets_less/2016-11-21-235-194/68.csv,0
datasets_less/2016-11-21-235-194/69.csv,0
datasets_less/2016-11-21-235-194/92.csv,0
datasets_less/2016-11-21-235-194/96.csv,0
datasets_less/2016-12-01-194-235/19.csv,1
datasets_less/2016-12-01-194-235/40.csv,1
datasets_less/2016-12-01-194-235/48.csv,1
datasets_less/2016-12-01-194-235/70.csv,1
datasets_less/2016-12-07-235-194/12.csv,1
datasets_less/2016-12-07-235-194/26.csv,1
datasets_less/2016-12-07-235-194/30.csv,1
datasets_less/2016-12-07-235-194/44.csv,1
datasets_less/2016-12-21-235-194/12.csv,0
datasets_less/2016-12-21-235-194/33.csv,0
datasets_less/2016-12-21-235-194/74.csv,0
datasets_less/2016-12-21-235-194/98.csv,0
datasets_less/2017-06-26-307-297/12.csv,0
datasets_less/2017-06-26-307-297/21.csv,0
datasets_less/2017-06-26-307-297/27.csv,0
datasets_less/2017-06-26-307-297/32.csv,0
datasets_less/2017-07-02-280-307/14.csv,0
datasets_less/2017-07-02-280-307/34.csv,0
datasets_less/2017-07-02-280-307/76.csv,0
datasets_less/2017-07-02-280-307/87.csv,0
datasets_less/2017-07-04-182-249/11.csv,1
datasets_less/2017-07-04-182-249/18.csv,1
datasets_less/2017-07-04-182-249/57.csv,1
datasets_less/2017-07-04-182-249/83.csv,1
datasets_less/2017-07-08-280-233/40.csv,0
datasets_less/2017-07-08-280-233/59.csv,0
datasets_less/2017-07-08-280-233/81.csv,0
datasets_less/2017-07-08-280-233/105.csv,0
datasets_less/2017-07-10-194-269/40.csv,1
datasets_less/2017-07-10-194-269/50.csv,1
datasets_less/2017-07-10-194-269/68.csv,1
datasets_less/2017-07-10-194-269/87.csv,1
datasets_less/2017-07-14-175-249/22.csv,0
datasets_less/2017-07-14-175-249/67.csv,0
datasets_less/2017-07-14-175-249/77.csv,0
datasets_less/2017-07-14-175-249/90.csv,0
datasets_less/2017-07-16-280-207/31.csv,1
datasets_less/2017-07-16-280-207/49.csv,1
datasets_less/2017-07-16-280-207/65.csv,1
datasets_less/2017-07-16-280-207/84.csv,1
datasets_less/2017-07-27-207-231/28.csv,1
datasets_less/2017-07-27-207-231/175.csv,1
datasets_less/2017-07-27-207-231/199.csv,1
datasets_less/2017-07-27-207-231/204.csv,1
datasets_less/2017-07-31-175-269/21.csv,0
datasets_less/2017-07-31-175-269/75.csv,0
datasets_less/2017-07-31-175-269/82.csv,0
datasets_less/2017-07-31-175-269/90.csv,0
datasets_less/2017-08-14-175-231/21.csv,0
datasets_less/2017-08-14-175-231/61.csv,0
datasets_less/2017-08-14-175-231/65.csv,0
datasets_less/2017-08-14-175-231/99.csv,0
datasets_less/2017-08-25-231-175/44.csv,0
datasets_less/2017-08-25-231-175/53.csv,0
datasets_less/2017-08-25-231-175/79.csv,0
datasets_less/2017-08-25-231-175/82.csv,0
datasets_less/2017-09-08-231-175/35.csv,1
datasets_less/2017-09-08-231-175/40.csv,1
datasets_less/2017-09-08-231-175/44.csv,1
datasets_less/2017-09-08-231-175/93.csv,1
datasets_less/2017-10-20-175-235/16.csv,0
datasets_less/2017-10-20-175-235/21.csv,0
datasets_less/2017-10-20-175-235/34.csv,0
datasets_less/2017-10-20-175-235/36.csv,0
datasets_less/2017-10-28-235-175/74.csv,1
datasets_less/2017-10-28-235-175/85.csv,1
datasets_less/2017-10-28-235-175/93.csv,1
datasets_less/2017-10-28-235-175/118.csv,1
datasets_less/2017-11-04-175-235/18.csv,1
datasets_less/2017-11-04-175-235/82.csv,1
datasets_less/2017-11-04-175-235/90.csv,1
datasets_less/2017-11-04-175-235/102.csv,1
datasets_less/2017-11-23-235-175/35.csv,1
datasets_less/2017-11-23-235-175/78.csv,1
datasets_less/2017-11-23-235-175/94.csv,1
datasets_less/2017-11-23-235-175/95.csv,1
datasets_less/2017-12-04-175-235/13.csv,0
datasets_less/2017-12-04-175-235/31.csv,0
datasets_less/2017-12-04-175-235/69.csv,0
datasets_less/2017-12-04-175-235/73.csv,0
datasets_less/2018-06-25-304-307/19.csv,1
datasets_less/2018-06-25-304-307/24.csv,1
datasets_less/2018-06-25-304-307/55.csv,1
datasets_less/2018-06-25-304-307/71.csv,1
datasets_less/2018-06-29-297-307/22.csv,0
datasets_less/2018-06-29-297-307/43.csv,0
datasets_less/2018-06-29-297-307/63.csv,0
datasets_less/2018-06-29-297-307/111.csv,0
datasets_less/2018-07-02-231-204/11.csv,1
datasets_less/2018-07-02-231-204/40.csv,1
datasets_less/2018-07-02-231-204/80.csv,1
datasets_less/2018-07-02-231-204/98.csv,1
datasets_less/2018-07-11-297-182/12.csv,0
datasets_less/2018-07-11-297-182/25.csv,0
datasets_less/2018-07-11-297-182/54.csv,0
datasets_less/2018-07-11-297-182/57.csv,0
datasets_less/2018-07-13-237-201/16.csv,1
datasets_less/2018-07-13-237-201/26.csv,1
datasets_less/2018-07-13-237-201/42.csv,1
datasets_less/2018-07-13-237-201/50.csv,1
datasets_less/2018-07-19-207-297/26.csv,0
datasets_less/2018-07-19-207-297/69.csv,0
datasets_less/2018-07-19-207-297/71.csv,0
datasets_less/2018-07-20-201-264/28.csv,0
datasets_less/2018-07-20-201-264/39.csv,0
datasets_less/2018-07-20-201-264/96.csv,0
datasets_less/2018-07-20-201-264/171.csv,0
datasets_less/2018-07-30-204-201/41.csv,1
datasets_less/2018-07-30-204-201/77.csv,1
datasets_less/2018-07-30-204-201/78.csv,1
datasets_less/2018-07-30-204-201/88.csv,1
datasets_less/2018-07-31-207-255/25.csv,1
datasets_less/2018-07-31-207-255/44.csv,1
datasets_less/2018-07-31-207-255/53.csv,1
datasets_less/2018-07-31-207-255/87.csv,1
datasets_less/2018-08-14-201-255/17.csv,0
datasets_less/2018-08-14-201-255/23.csv,0
datasets_less/2018-08-14-201-255/51.csv,0
datasets_less/2018-08-14-201-255/76.csv,0
datasets_less/2018-08-27-255-201/74.csv,0
datasets_less/2018-08-27-255-201/98.csv,0
datasets_less/2018-08-27-255-201/166.csv,0
datasets_less/2018-08-27-255-201/172.csv,0
datasets_less/2018-09-06-255-201/34.csv,0
datasets_less/2018-09-06-255-201/47.csv,0
datasets_less/2018-10-11-175-255/25.csv,0
datasets_less/2018-10-11-175-255/68.csv,0
datasets_less/2018-10-11-175-255/121.csv,0
datasets_less/2018-10-11-175-255/135.csv,0
datasets_less/2018-10-23-255-175/35.csv,1
datasets_less/2018-10-23-255-175/54.csv,1
datasets_less/2018-10-23-255-175/58.csv,1
datasets_less/2018-10-23-255-175/141.csv,1
datasets_less/2018-11-01-175-255/23.csv,1
datasets_less/2018-11-01-175-255/46.csv,1
datasets_less/2018-11-01-175-255/59.csv,1
datasets_less/2018-11-01-175-255/62.csv,1
datasets_less/2018-11-24-255-175/33.csv,0
datasets_less/2018-11-24-255-175/54.csv,0
datasets_less/2018-11-24-255-175/79.csv,0
datasets_less/2018-11-24-255-175/124.csv,0
datasets_less/2018-12-04-175-255/33.csv,0
datasets_less/2018-12-04-175-255/61.csv,0
datasets_less/2018-12-04-175-255/96.csv,0
datasets_less/2018-12-04-175-255/97.csv,0
datasets_less/2018-12-12-255-175/37.csv,0
datasets_less/2018-12-12-255-175/38.csv,0
datasets_less/2018-12-12-255-175/48.csv,0
datasets_less/2018-12-12-255-175/65.csv,0
datasets_less/2018-12-20-255-175/43.csv,0
datasets_less/2018-12-20-255-175/56.csv,0
datasets_less/2018-12-20-255-175/140.csv,0
datasets_less/2018-12-20-255-175/141.csv,0
datasets_less/2019-06-24-303-301/44.csv,0
datasets_less/2019-06-24-303-301/51.csv,0
datasets_less/2019-06-24-303-301/57.csv,0
datasets_less/2019-06-24-303-301/67.csv,0
datasets_less/2019-06-28-303-307/43.csv,1
datasets_less/2019-06-28-303-307/45.csv,1
datasets_less/2019-06-28-303-307/56.csv,1
datasets_less/2019-06-28-303-307/75.csv,1
datasets_less/2019-07-01-213-239/30.csv,0
datasets_less/2019-07-01-213-239/50.csv,0
datasets_less/2019-07-01-213-239/75.csv,0
datasets_less/2019-07-01-213-239/79.csv,0
datasets_less/2019-07-05-207-307/45.csv,1
datasets_less/2019-07-05-207-307/76.csv,1
datasets_less/2019-07-05-207-307/87.csv,1
datasets_less/2019-07-05-207-307/179.csv,1
datasets_less/2019-07-08-263-222/23.csv,1
datasets_less/2019-07-08-263-222/44.csv,1
datasets_less/2019-07-08-263-222/116.csv,1
datasets_less/2019-07-08-263-222/145.csv,1
datasets_less/2019-07-22-213-276/15.csv,1
datasets_less/2019-07-22-213-276/69.csv,1
datasets_less/2019-07-22-213-276/114.csv,1
datasets_less/2019-07-22-213-276/122.csv,1
datasets_less/2019-07-23-307-264/45.csv,1
datasets_less/2019-07-23-307-264/46.csv,1
datasets_less/2019-07-23-307-264/72.csv,1
datasets_less/2019-07-23-307-264/119.csv,1
datasets_less/2019-08-02-264-235/17.csv,0
datasets_less/2019-08-02-264-235/30.csv,0
datasets_less/2019-08-02-264-235/65.csv,0
datasets_less/2019-08-02-264-235/68.csv,0
datasets_less/2019-08-05-222-276/23.csv,0
datasets_less/2019-08-05-222-276/26.csv,0
datasets_less/2019-08-05-222-276/62.csv,0
datasets_less/2019-08-13-222-264/22.csv,1
datasets_less/2019-08-13-222-264/32.csv,1
datasets_less/2019-08-13-222-264/55.csv,1
datasets_less/2019-08-13-222-264/65.csv,1
datasets_less/2019-08-23-264-222/22.csv,1
datasets_less/2019-08-23-264-222/37.csv,1
datasets_less/2019-08-23-264-222/43.csv,1
datasets_less/2019-08-23-264-222/60.csv,1
datasets_less/2019-09-05-264-222/14.csv,0
datasets_less/2019-09-05-264-222/25.csv,0
datasets_less/2019-09-05-264-222/65.csv,0
datasets_less/2019-09-05-264-222/86.csv,0
datasets_less/2019-10-11-264-255/108.csv,0
datasets_less/2019-10-11-264-255/124.csv,0
datasets_less/2019-10-11-264-255/139.csv,0
datasets_less/2019-10-11-264-255/144.csv,0
datasets_less/2019-10-23-255-264/33.csv,1
datasets_less/2019-10-23-255-264/34.csv,1
datasets_less/2019-10-23-255-264/86.csv,1
datasets_less/2019-10-23-255-264/108.csv,1
datasets_less/2019-11-09-264-255/31.csv,0
datasets_less/2019-11-09-264-255/52.csv,0
datasets_less/2019-11-09-264-255/79.csv,0
datasets_less/2019-11-09-264-255/109.csv,0
datasets_less/2019-11-21-255-264/11.csv,0
datasets_less/2019-11-21-255-264/12.csv,0
datasets_less/2019-11-21-255-264/26.csv,0
datasets_less/2019-11-21-255-264/107.csv,0
datasets_less/2019-12-06-264-255/12.csv,0
datasets_less/2019-12-06-264-255/33.csv,0
datasets_less/2019-12-06-264-255/112.csv,0
datasets_less/2019-12-06-264-255/124.csv,0
datasets_less/2020-07-06-301-302/31.csv,0
datasets_less/2020-07-06-301-302/35.csv,0
datasets_less/2020-07-06-301-302/45.csv,0
datasets_less/2020-07-06-301-302/82.csv,0
datasets_less/2020-07-13-301-293/11.csv,0
datasets_less/2020-07-13-301-293/13.csv,0
datasets_less/2020-07-13-301-293/53.csv,0
datasets_less/2020-07-13-301-293/66.csv,0
datasets_less/2020-07-22-222-301/12.csv,1
datasets_less/2020-07-22-222-301/54.csv,1
datasets_less/2020-07-22-222-301/68.csv,1
datasets_less/2020-07-22-222-301/97.csv,1
datasets_less/2020-07-23-207-280/12.csv,0
datasets_less/2020-07-23-207-280/32.csv,0
datasets_less/2020-07-23-207-280/61.csv,0
datasets_less/2020-07-23-207-280/82.csv,0
datasets_less/2020-07-24-194-307/24.csv,0
datasets_less/2020-07-24-194-307/36.csv,0
datasets_less/2020-07-24-194-307/51.csv,0
datasets_less/2020-07-24-194-307/54.csv,0
datasets_less/2020-07-27-301-182/23.csv,0
datasets_less/2020-07-27-301-182/33.csv,0
datasets_less/2020-07-27-301-182/53.csv,0
datasets_less/2020-07-27-301-182/98.csv,0
datasets_less/2020-07-31-250-194/18.csv,1
datasets_less/2020-07-31-250-194/19.csv,1
datasets_less/2020-07-31-250-194/30.csv,1
datasets_less/2020-07-31-250-194/48.csv,1
datasets_less/2020-08-12-207-194/32.csv,1
datasets_less/2020-08-12-207-194/58.csv,1
datasets_less/2020-08-12-207-194/121.csv,1
datasets_less/2020-08-12-207-194/127.csv,1
datasets_less/2020-08-13-301-175/23.csv,1
datasets_less/2020-08-13-301-175/27.csv,1
datasets_less/2020-08-13-301-175/36.csv,1
datasets_less/2020-08-13-301-175/80.csv,1
datasets_less/2020-08-17-175-194/13.csv,1
datasets_less/2020-08-17-175-194/23.csv,1
datasets_less/2020-08-17-175-194/24.csv,1
datasets_less/2020-08-17-175-194/35.csv,1
datasets_less/2020-08-25-194-175/15.csv,1
datasets_less/2020-08-25-194-175/28.csv,1
datasets_less/2020-08-25-194-175/52.csv,1
datasets_less/2020-08-25-194-175/79.csv,1
datasets_less/2020-09-19-175-194/38.csv,0
datasets_less/2020-09-19-175-194/56.csv,0
datasets_less/2020-09-19-175-194/77.csv,0
datasets_less/2020-09-19-175-194/91.csv,0
datasets_less/2020-10-09-175-264/23.csv,1
datasets_less/2020-10-09-175-264/30.csv,1
datasets_less/2020-10-09-175-264/37.csv,1
datasets_less/2020-10-22-264-175/14.csv,1
datasets_less/2020-10-22-264-175/17.csv,1
datasets_less/2020-10-22-264-175/50.csv,1
datasets_less/2020-10-22-264-175/84.csv,1
datasets_less/2020-11-07-175-264/45.csv,1
datasets_less/2020-11-07-175-264/124.csv,1
datasets_less/2020-11-07-175-264/136.csv,1
datasets_less/2020-11-07-175-264/161.csv,1
datasets_less/2020-11-26-264-175/70.csv,0
datasets_less/2020-11-26-264-175/75.csv,0
datasets_less/2020-11-26-264-175/76.csv,0
datasets_less/2020-11-26-264-175/91.csv,0
datasets_less/2020-12-05-175-264/58.csv,1
datasets_less/2020-12-05-175-264/59.csv,1
datasets_less/2020-12-05-175-264/73.csv,1
datasets_less/2020-12-05-175-264/79.csv,1
datasets_less/2021-06-25-321-300/14.csv,1
datasets_less/2021-06-25-321-300/45.csv,1
datasets_less/2021-06-25-321-300/58.csv,1
datasets_less/2021-06-25-321-300/65.csv,1
datasets_less/2021-06-29-301-300/118.csv,0
datasets_less/2021-06-29-301-300/119.csv,0
datasets_less/2021-06-29-301-300/140.csv,0
datasets_less/2021-06-29-301-300/146.csv,0
datasets_less/2021-07-01-287-294/14.csv,0
datasets_less/2021-07-01-287-294/18.csv,0
datasets_less/2021-07-01-287-294/58.csv,0
datasets_less/2021-07-01-287-294/91.csv,0
datasets_less/2021-07-02-263-301/14.csv,1
datasets_less/2021-07-02-263-301/60.csv,1
datasets_less/2021-07-02-263-301/86.csv,1
datasets_less/2021-07-02-263-301/94.csv,1
datasets_less/2021-07-09-301-175/41.csv,0
datasets_less/2021-07-09-301-175/48.csv,0
datasets_less/2021-07-09-301-175/59.csv,0
datasets_less/2021-07-09-301-175/80.csv,0
datasets_less/2021-07-10-227-307/15.csv,1
datasets_less/2021-07-10-227-307/28.csv,1
datasets_less/2021-07-10-227-307/59.csv,1
datasets_less/2021-07-10-227-307/62.csv,1
datasets_less/2021-07-21-287-207/27.csv,0
datasets_less/2021-07-21-287-207/46.csv,0
datasets_less/2021-07-21-287-207/93.csv,0
datasets_less/2021-07-21-287-207/97.csv,0
datasets_less/2021-07-28-276-301/35.csv,0
datasets_less/2021-07-28-276-301/42.csv,0
datasets_less/2021-07-28-276-301/86.csv,0
datasets_less/2021-07-28-276-301/101.csv,0
datasets_less/2021-08-06-287-307/37.csv,1
datasets_less/2021-08-06-287-307/54.csv,1
datasets_less/2021-08-06-287-307/61.csv,1
datasets_less/2021-08-06-287-307/76.csv,1
datasets_less/2021-08-12-276-307/59.csv,1
datasets_less/2021-08-12-276-307/60.csv,1
datasets_less/2021-08-12-276-307/103.csv,1
datasets_less/2021-08-12-276-307/104.csv,1
datasets_less/2021-08-30-307-276/21.csv,0
datasets_less/2021-08-30-307-276/26.csv,0
datasets_less/2021-08-30-307-276/37.csv,0
datasets_less/2021-08-30-307-276/63.csv,0
datasets_less/2021-10-08-307-264/76.csv,0
datasets_less/2021-10-08-307-264/100.csv,0
datasets_less/2021-10-08-307-264/107.csv,0
datasets_less/2021-10-08-307-264/111.csv,0
datasets_less/2021-10-22-264-307/18.csv,1
datasets_less/2021-10-22-264-307/23.csv,1
datasets_less/2021-10-22-264-307/31.csv,1
datasets_less/2021-10-22-264-307/49.csv,1
datasets_less/2021-10-30-307-264/37.csv,0
datasets_less/2021-10-30-307-264/41.csv,0
datasets_less/2021-10-30-307-264/76.csv,0
datasets_less/2021-10-30-307-264/83.csv,0
datasets_less/2021-11-12-264-307/28.csv,1
datasets_less/2021-11-12-264-307/39.csv,1
datasets_less/2021-11-12-264-307/77.csv,1
datasets_less/2021-11-12-264-307/96.csv,1
datasets_less/2016-10-29-320-305/14.csv,1
datasets_less/2016-10-29-320-305/21.csv,1
datasets_less/2016-10-29-320-305/82.csv,1
datasets_less/2016-10-29-320-305/130.csv,1
datasets_less/2016-10-30-305-320/31.csv,1
datasets_less/2016-10-30-305-320/56.csv,1
datasets_less/2016-10-30-305-320/67.csv,1
datasets_less/2016-10-30-305-320/105.csv,1
datasets_less/2017-10-21-305-309/18.csv,0
datasets_less/2017-10-21-305-309/25.csv,0
datasets_less/2017-10-21-305-309/61.csv,0
datasets_less/2017-10-21-305-309/118.csv,0
datasets_less/2017-10-22-309-305/31.csv,0
datasets_less/2017-10-22-309-305/41.csv,0
datasets_less/2017-10-22-309-305/78.csv,0
datasets_less/2017-10-22-309-305/89.csv,0
datasets_less/2018-10-19-301-308/16.csv,1
datasets_less/2018-10-19-301-308/38.csv,1
datasets_less/2018-10-19-301-308/59.csv,1
datasets_less/2018-10-19-301-308/68.csv,1
datasets_less/2018-10-20-308-301/32.csv,0
datasets_less/2018-10-20-308-301/101.csv,0
datasets_less/2018-10-20-308-301/124.csv,0
datasets_less/2018-10-20-308-301/130.csv,0
datasets_less/2019-10-19-314-322/14.csv,0
datasets_less/2019-10-19-314-322/23.csv,0
datasets_less/2019-10-19-314-322/32.csv,0
datasets_less/2019-10-19-314-322/39.csv,0
datasets_less/2019-10-19-322-314/11.csv,1
datasets_less/2019-10-19-322-314/27.csv,1
datasets_less/2019-10-19-322-314/42.csv,1
datasets_less/2019-10-19-322-314/80.csv,1
datasets_less/2019-10-20-322-314/92.csv,0
datasets_less/2019-10-20-322-314/103.csv,0
datasets_less/2019-10-20-322-314/109.csv,0
datasets_less/2019-10-20-322-314/110.csv,0
datasets_less/2019-10-20-314-322/38.csv,0
datasets_less/2019-10-20-314-322/43.csv,0
datasets_less/2019-10-20-314-322/77.csv,0
datasets_less/2019-10-20-314-322/93.csv,0
datasets_less/2021-09-25-327-322/26.csv,0
datasets_less/2021-09-25-327-322/43.csv,0
datasets_less/2021-09-25-327-322/55.csv,0
datasets_less/2021-09-25-327-322/80.csv,0
datasets_less/2021-09-26-322-327/12.csv,0
datasets_less/2021-09-26-322-327/13.csv,0
datasets_less/2021-09-26-322-327/30.csv,0
datasets_less/2021-09-26-322-327/91.csv,0
