datasets_norm/2021-06-22-307-194/19.csv,0
datasets_norm/2021-06-22-307-194/23.csv,0
datasets_norm/2021-06-22-307-194/77.csv,0
datasets_norm/2021-06-22-307-194/81.csv,0
datasets_norm/2021-06-26-286-307/33.csv,1
datasets_norm/2021-06-26-286-307/46.csv,1
datasets_norm/2021-06-26-286-307/48.csv,1
datasets_norm/2021-06-26-286-307/79.csv,1
datasets_norm/2021-07-25-307-264/21.csv,0
datasets_norm/2021-07-25-307-264/33.csv,0
datasets_norm/2021-07-25-307-264/48.csv,0
datasets_norm/2021-07-25-307-264/49.csv,0
datasets_norm/2021-08-03-264-307/41.csv,0
datasets_norm/2021-08-03-264-307/131.csv,0
datasets_norm/2021-08-03-264-307/150.csv,0
datasets_norm/2021-08-03-264-307/153.csv,0
datasets_norm/2021-08-22-264-307/61.csv,0
datasets_norm/2021-08-22-264-307/67.csv,0
datasets_norm/2021-08-22-264-307/74.csv,0
datasets_norm/2021-08-22-264-307/78.csv,0
datasets_norm/2021-09-13-307-264/33.csv,0
datasets_norm/2021-09-13-307-264/63.csv,0
datasets_norm/2021-09-13-307-264/83.csv,0
datasets_norm/2022-04-02-322-317/12.csv,1
datasets_norm/2022-04-02-322-317/30.csv,1
datasets_norm/2022-04-02-322-317/103.csv,1
datasets_norm/2022-04-02-322-317/119.csv,1
datasets_norm/2022-04-28-307-317/18.csv,0
datasets_norm/2022-04-28-307-317/28.csv,0
datasets_norm/2022-04-28-307-317/68.csv,0
datasets_norm/2022-04-28-307-317/86.csv,0
datasets_norm/2022-05-15-317-307/30.csv,1
datasets_norm/2022-05-15-317-307/39.csv,1
datasets_norm/2022-05-15-317-307/60.csv,1
datasets_norm/2022-05-15-317-307/65.csv,1
datasets_norm/2022-05-24-307-317/12.csv,0
datasets_norm/2022-05-24-307-317/28.csv,0
datasets_norm/2022-05-24-307-317/51.csv,0
datasets_norm/2022-05-24-307-317/56.csv,0
datasets_norm/2015-02-11-235-175/49.csv,0
datasets_norm/2015-02-11-235-175/64.csv,0
datasets_norm/2015-02-11-235-175/95.csv,0
datasets_norm/2015-02-21-175-235/56.csv,1
datasets_norm/2015-02-21-175-235/59.csv,1
datasets_norm/2015-02-21-175-235/61.csv,1
datasets_norm/2015-03-08-235-175/35.csv,0
datasets_norm/2015-03-08-235-175/37.csv,0
datasets_norm/2015-03-08-235-175/72.csv,0
datasets_norm/2015-03-08-235-175/100.csv,0
datasets_norm/2015-12-21-263-182/23.csv,0
datasets_norm/2015-12-21-263-182/94.csv,0
datasets_norm/2015-12-21-263-182/130.csv,0
datasets_norm/2015-12-21-263-182/155.csv,0
datasets_norm/2015-12-28-182-263/38.csv,1
datasets_norm/2015-12-28-182-263/44.csv,1
datasets_norm/2015-12-28-182-263/62.csv,1
datasets_norm/2015-12-28-182-263/92.csv,1
datasets_norm/2016-02-11-263-235/14.csv,1
datasets_norm/2016-02-11-263-235/17.csv,1
datasets_norm/2016-02-11-263-235/24.csv,1
datasets_norm/2016-02-11-263-235/57.csv,1
datasets_norm/2016-02-20-235-263/41.csv,1
datasets_norm/2016-02-20-235-263/55.csv,1
datasets_norm/2016-02-20-235-263/57.csv,1
datasets_norm/2016-03-06-263-235/12.csv,1
datasets_norm/2016-03-06-263-235/87.csv,1
datasets_norm/2016-03-06-263-235/107.csv,1
datasets_norm/2016-03-06-263-235/145.csv,1
datasets_norm/2016-03-21-235-263/30.csv,0
datasets_norm/2016-03-21-235-263/42.csv,0
datasets_norm/2016-03-21-235-263/62.csv,0
datasets_norm/2016-03-21-235-263/68.csv,0
datasets_norm/2016-12-16-280-291/13.csv,1
datasets_norm/2016-12-16-280-291/21.csv,1
datasets_norm/2016-12-16-280-291/37.csv,1
datasets_norm/2016-12-16-280-291/54.csv,1
datasets_norm/2017-02-05-291-235/43.csv,0
datasets_norm/2017-02-05-291-235/74.csv,0
datasets_norm/2017-02-05-291-235/76.csv,0
datasets_norm/2017-02-05-291-235/117.csv,0
datasets_norm/2017-02-18-235-291/82.csv,0
datasets_norm/2017-02-18-235-291/91.csv,0
datasets_norm/2017-02-18-235-291/109.csv,0
datasets_norm/2017-02-18-235-291/116.csv,0
datasets_norm/2017-03-05-291-235/18.csv,0
datasets_norm/2017-03-05-291-235/24.csv,0
datasets_norm/2017-03-05-291-235/39.csv,0
datasets_norm/2017-03-05-291-235/71.csv,0
datasets_norm/2017-12-15-298-276/21.csv,0
datasets_norm/2017-12-15-298-276/43.csv,0
datasets_norm/2017-12-15-298-276/112.csv,0
datasets_norm/2017-12-15-298-276/122.csv,0
datasets_norm/2017-12-27-298-276/34.csv,1
datasets_norm/2017-12-27-298-276/65.csv,1
datasets_norm/2017-12-27-298-276/67.csv,1
datasets_norm/2017-12-27-298-276/88.csv,1
datasets_norm/2018-02-12-235-276/63.csv,0
datasets_norm/2018-02-12-235-276/66.csv,0
datasets_norm/2018-02-12-235-276/116.csv,0
datasets_norm/2018-02-12-235-276/141.csv,0
datasets_norm/2018-02-24-276-235/22.csv,0
datasets_norm/2018-02-24-276-235/37.csv,0
datasets_norm/2018-02-24-276-235/47.csv,0
datasets_norm/2018-02-24-276-235/52.csv,0
datasets_norm/2018-03-11-235-276/46.csv,0
datasets_norm/2018-03-11-235-276/55.csv,0
datasets_norm/2018-03-11-235-276/65.csv,0
datasets_norm/2018-03-11-235-276/94.csv,0
datasets_norm/2018-03-20-276-235/43.csv,0
datasets_norm/2018-03-20-276-235/76.csv,0
datasets_norm/2018-03-20-276-235/90.csv,0
datasets_norm/2018-03-20-276-235/129.csv,0
datasets_norm/2018-03-30-235-276/16.csv,0
datasets_norm/2018-03-30-235-276/53.csv,0
datasets_norm/2018-03-30-235-276/70.csv,0
datasets_norm/2018-03-30-235-276/94.csv,0
datasets_norm/2018-12-17-255-263/22.csv,0
datasets_norm/2018-12-17-255-263/25.csv,0
datasets_norm/2018-12-17-255-263/37.csv,0
datasets_norm/2018-12-17-255-263/71.csv,0
datasets_norm/2019-02-02-255-235/23.csv,1
datasets_norm/2019-02-02-255-235/63.csv,1
datasets_norm/2019-02-02-255-235/75.csv,1
datasets_norm/2019-02-10-235-255/40.csv,0
datasets_norm/2019-02-10-235-255/90.csv,0
datasets_norm/2019-02-10-235-255/96.csv,0
datasets_norm/2019-02-10-235-255/108.csv,0
datasets_norm/2019-03-17-235-255/14.csv,0
datasets_norm/2019-03-17-235-255/52.csv,0
datasets_norm/2019-03-17-235-255/80.csv,0
datasets_norm/2019-03-17-235-255/102.csv,0
datasets_norm/2019-12-16-315-306/38.csv,1
datasets_norm/2019-12-16-315-306/55.csv,1
datasets_norm/2019-12-16-315-306/67.csv,1
datasets_norm/2019-12-27-306-315/12.csv,1
datasets_norm/2019-12-27-306-315/13.csv,1
datasets_norm/2019-12-27-306-315/27.csv,1
datasets_norm/2019-12-27-306-315/59.csv,1
datasets_norm/2020-02-01-235-315/31.csv,0
datasets_norm/2020-02-01-235-315/43.csv,0
datasets_norm/2020-02-01-235-315/68.csv,0
datasets_norm/2020-02-01-235-315/70.csv,0
datasets_norm/2020-02-16-315-235/45.csv,0
datasets_norm/2020-02-16-315-235/56.csv,0
datasets_norm/2020-02-16-315-235/64.csv,0
datasets_norm/2020-02-16-315-235/66.csv,0
datasets_norm/2020-03-01-235-315/24.csv,0
datasets_norm/2020-03-01-235-315/30.csv,0
datasets_norm/2020-03-01-235-315/65.csv,0
datasets_norm/2020-03-01-235-315/76.csv,0
datasets_norm/2020-03-17-315-235/19.csv,1
datasets_norm/2020-03-17-315-235/26.csv,1
datasets_norm/2020-03-17-315-235/38.csv,1
datasets_norm/2020-03-17-315-235/66.csv,1
datasets_norm/2020-12-18-260-255/26.csv,0
datasets_norm/2020-12-18-260-255/50.csv,0
datasets_norm/2020-12-18-260-255/56.csv,0
datasets_norm/2020-12-18-260-255/65.csv,0
datasets_norm/2021-02-06-235-260/23.csv,1
datasets_norm/2021-02-06-235-260/31.csv,1
datasets_norm/2021-02-06-235-260/43.csv,1
datasets_norm/2021-02-06-235-260/75.csv,1
datasets_norm/2021-02-20-260-235/40.csv,1
datasets_norm/2021-02-20-260-235/50.csv,1
datasets_norm/2021-02-20-260-235/56.csv,1
datasets_norm/2021-02-20-260-235/84.csv,1
datasets_norm/2021-03-07-235-260/12.csv,0
datasets_norm/2021-03-07-235-260/47.csv,0
datasets_norm/2021-03-07-235-260/58.csv,0
datasets_norm/2021-03-07-235-260/99.csv,0
datasets_norm/2021-03-17-260-235/16.csv,1
datasets_norm/2021-03-17-260-235/61.csv,1
datasets_norm/2021-03-17-260-235/71.csv,1
datasets_norm/2021-03-17-260-235/84.csv,1
datasets_norm/2015-04-30-264-263/75.csv,0
datasets_norm/2015-04-30-264-263/115.csv,0
datasets_norm/2015-04-30-264-263/121.csv,0
datasets_norm/2015-04-30-264-263/123.csv,0
datasets_norm/2015-06-02-264-175/13.csv,1
datasets_norm/2015-06-02-264-175/19.csv,1
datasets_norm/2015-06-02-264-175/70.csv,1
datasets_norm/2015-06-02-264-175/103.csv,1
datasets_norm/2015-06-16-175-264/65.csv,1
datasets_norm/2015-06-16-175-264/72.csv,1
datasets_norm/2015-06-16-175-264/116.csv,1
datasets_norm/2015-06-16-175-264/118.csv,1
datasets_norm/2015-07-04-264-175/43.csv,1
datasets_norm/2015-07-04-264-175/55.csv,1
datasets_norm/2015-07-04-264-175/93.csv,1
datasets_norm/2015-07-04-264-175/98.csv,1
datasets_norm/2015-07-15-175-264/20.csv,0
datasets_norm/2015-07-15-175-264/44.csv,0
datasets_norm/2015-07-15-175-264/77.csv,0
datasets_norm/2015-07-15-175-264/94.csv,0
datasets_norm/2016-04-28-249-276/11.csv,1
datasets_norm/2016-04-28-249-276/22.csv,1
datasets_norm/2016-04-28-249-276/63.csv,1
datasets_norm/2016-04-28-249-276/84.csv,1
datasets_norm/2016-06-03-175-276/38.csv,1
datasets_norm/2016-06-03-175-276/43.csv,1
datasets_norm/2016-06-03-175-276/47.csv,1
datasets_norm/2016-06-03-175-276/58.csv,1
datasets_norm/2016-06-18-276-175/31.csv,1
datasets_norm/2016-06-18-276-175/48.csv,1
datasets_norm/2016-06-18-276-175/61.csv,1
datasets_norm/2016-06-18-276-175/64.csv,1
datasets_norm/2016-07-02-175-276/41.csv,1
datasets_norm/2016-07-02-175-276/63.csv,1
datasets_norm/2016-07-02-175-276/77.csv,1
datasets_norm/2016-07-02-175-276/101.csv,1
datasets_norm/2016-07-13-276-175/43.csv,1
datasets_norm/2016-07-13-276-175/64.csv,1
datasets_norm/2016-07-13-276-175/81.csv,1
datasets_norm/2016-08-01-276-175/29.csv,1
datasets_norm/2016-08-01-276-175/32.csv,1
datasets_norm/2016-08-01-276-175/81.csv,1
datasets_norm/2016-08-01-276-175/87.csv,1
datasets_norm/2017-04-25-260-286/23.csv,1
datasets_norm/2017-04-25-260-286/37.csv,1
datasets_norm/2017-04-25-260-286/128.csv,1
datasets_norm/2017-04-25-260-286/130.csv,1
datasets_norm/2017-06-01-286-175/27.csv,1
datasets_norm/2017-06-01-286-175/55.csv,1
datasets_norm/2017-06-01-286-175/60.csv,1
datasets_norm/2017-06-01-286-175/101.csv,1
datasets_norm/2017-06-17-175-286/13.csv,0
datasets_norm/2017-06-17-175-286/25.csv,0
datasets_norm/2017-06-17-175-286/60.csv,0
datasets_norm/2017-06-17-175-286/99.csv,0
datasets_norm/2017-07-01-286-175/16.csv,0
datasets_norm/2017-07-01-286-175/27.csv,0
datasets_norm/2017-07-01-286-175/34.csv,0
datasets_norm/2017-07-01-286-175/45.csv,0
datasets_norm/2017-07-11-175-286/11.csv,0
datasets_norm/2017-07-11-175-286/14.csv,0
datasets_norm/2017-07-11-175-286/40.csv,0
datasets_norm/2017-07-11-175-286/73.csv,0
datasets_norm/2018-05-01-204-264/61.csv,1
datasets_norm/2018-05-01-204-264/62.csv,1
datasets_norm/2018-05-01-204-264/71.csv,1
datasets_norm/2018-05-01-204-264/79.csv,1
datasets_norm/2018-06-06-264-175/16.csv,0
datasets_norm/2018-06-06-264-175/45.csv,0
datasets_norm/2018-06-06-264-175/82.csv,0
datasets_norm/2018-06-16-175-264/20.csv,0
datasets_norm/2018-06-16-175-264/27.csv,0
datasets_norm/2018-06-16-175-264/60.csv,0
datasets_norm/2018-06-16-175-264/70.csv,0
datasets_norm/2018-06-30-264-175/12.csv,0
datasets_norm/2018-06-30-264-175/19.csv,0
datasets_norm/2018-06-30-264-175/99.csv,0
datasets_norm/2018-06-30-264-175/105.csv,0
datasets_norm/2018-07-10-175-264/36.csv,0
datasets_norm/2018-07-10-175-264/78.csv,0
datasets_norm/2018-07-10-175-264/81.csv,0
datasets_norm/2018-07-10-175-264/93.csv,0
datasets_norm/2018-07-17-175-264/40.csv,1
datasets_norm/2018-07-17-175-264/58.csv,1
datasets_norm/2018-07-17-175-264/59.csv,1
datasets_norm/2018-07-17-175-264/62.csv,1
datasets_norm/2019-04-26-235-195/14.csv,0
datasets_norm/2019-04-26-235-195/48.csv,0
datasets_norm/2019-04-26-235-195/65.csv,0
datasets_norm/2019-04-26-235-195/72.csv,0
datasets_norm/2019-06-04-235-264/33.csv,1
datasets_norm/2019-06-04-235-264/83.csv,1
datasets_norm/2019-06-04-235-264/94.csv,1
datasets_norm/2019-06-04-235-264/139.csv,1
datasets_norm/2019-06-19-264-235/35.csv,1
datasets_norm/2019-06-19-264-235/60.csv,1
datasets_norm/2019-06-19-264-235/78.csv,1
datasets_norm/2019-06-19-264-235/90.csv,1
datasets_norm/2019-06-29-235-264/26.csv,0
datasets_norm/2019-06-29-235-264/40.csv,0
datasets_norm/2019-06-29-235-264/61.csv,0
datasets_norm/2019-06-29-235-264/88.csv,0
datasets_norm/2019-07-09-264-235/22.csv,1
datasets_norm/2019-07-09-264-235/37.csv,1
datasets_norm/2019-07-09-264-235/62.csv,1
datasets_norm/2019-07-09-264-235/83.csv,1
datasets_norm/2020-06-04-276-307/12.csv,1
datasets_norm/2020-06-04-276-307/28.csv,1
datasets_norm/2020-06-04-276-307/43.csv,1
datasets_norm/2020-06-04-276-307/83.csv,1
datasets_norm/2020-06-08-307-235/21.csv,0
datasets_norm/2020-06-08-307-235/27.csv,0
datasets_norm/2020-06-08-307-235/38.csv,0
datasets_norm/2020-06-08-307-235/108.csv,0
datasets_norm/2020-06-28-235-307/11.csv,1
datasets_norm/2020-06-28-235-307/26.csv,1
datasets_norm/2020-06-28-235-307/30.csv,1
datasets_norm/2020-06-28-235-307/31.csv,1
datasets_norm/2020-07-09-307-235/21.csv,1
datasets_norm/2020-07-09-307-235/55.csv,1
datasets_norm/2020-07-09-307-235/76.csv,1
datasets_norm/2020-07-09-307-235/124.csv,1
datasets_norm/2020-07-16-235-307/39.csv,1
datasets_norm/2020-07-16-235-307/48.csv,1
datasets_norm/2020-07-16-235-307/59.csv,1
datasets_norm/2020-07-16-235-307/70.csv,1
datasets_norm/2021-04-30-235-276/30.csv,0
datasets_norm/2021-04-30-235-276/86.csv,0
datasets_norm/2021-04-30-235-276/91.csv,0
datasets_norm/2021-04-30-235-276/108.csv,0
datasets_norm/2021-06-06-235-307/22.csv,1
datasets_norm/2021-06-06-235-307/62.csv,1
datasets_norm/2021-06-06-235-307/76.csv,1
datasets_norm/2021-06-06-235-307/85.csv,1
datasets_norm/2021-06-18-307-235/56.csv,0
datasets_norm/2021-06-18-307-235/70.csv,0
datasets_norm/2021-06-18-307-235/115.csv,0
datasets_norm/2021-06-18-307-235/150.csv,0
datasets_norm/2021-07-03-235-307/11.csv,1
datasets_norm/2021-07-03-235-307/33.csv,1
datasets_norm/2021-07-03-235-307/58.csv,1
datasets_norm/2021-07-03-235-307/90.csv,1
datasets_norm/2022-04-25-235-276/71.csv,1
datasets_norm/2022-04-25-235-276/126.csv,1
datasets_norm/2022-04-25-235-276/130.csv,1
datasets_norm/2022-04-25-235-276/152.csv,1
datasets_norm/2022-06-03-307-276/22.csv,1
datasets_norm/2022-06-03-307-276/46.csv,1
datasets_norm/2022-06-03-307-276/54.csv,1
datasets_norm/2022-06-03-307-276/60.csv,1
datasets_norm/2022-06-03-276-307/32.csv,0
datasets_norm/2022-06-03-276-307/33.csv,0
datasets_norm/2022-06-03-276-307/35.csv,0
datasets_norm/2022-06-03-276-307/41.csv,0
datasets_norm/2022-06-15-276-307/40.csv,1
datasets_norm/2022-06-15-276-307/82.csv,1
datasets_norm/2022-06-15-276-307/105.csv,1
datasets_norm/2022-06-15-276-307/106.csv,1
datasets_norm/2022-07-04-307-276/22.csv,0
datasets_norm/2022-07-04-307-276/80.csv,0
datasets_norm/2022-07-04-307-276/120.csv,0
datasets_norm/2022-07-17-276-307/18.csv,1
datasets_norm/2022-07-17-276-307/49.csv,1
datasets_norm/2022-07-17-276-307/59.csv,1
datasets_norm/2022-07-17-276-307/74.csv,1
datasets_norm/2015-05-18-255-222/34.csv,0
datasets_norm/2015-05-18-255-222/40.csv,0
datasets_norm/2015-05-18-255-222/41.csv,0
datasets_norm/2015-05-18-255-222/67.csv,0
datasets_norm/2015-05-18-222-255/48.csv,0
datasets_norm/2015-05-18-222-255/71.csv,0
datasets_norm/2015-05-18-222-255/73.csv,0
datasets_norm/2015-05-18-222-255/91.csv,0
datasets_norm/2015-07-07-255-175/30.csv,1
datasets_norm/2015-07-07-255-175/63.csv,1
datasets_norm/2015-07-07-255-175/75.csv,1
datasets_norm/2015-07-07-255-175/103.csv,1
datasets_norm/2015-07-21-175-255/13.csv,0
datasets_norm/2015-07-21-175-255/25.csv,0
datasets_norm/2015-07-21-175-255/68.csv,0
datasets_norm/2015-07-21-175-255/111.csv,0
datasets_norm/2015-08-05-255-175/35.csv,0
datasets_norm/2015-08-05-255-175/49.csv,0
datasets_norm/2015-08-05-255-175/94.csv,0
datasets_norm/2015-08-05-255-175/102.csv,0
datasets_norm/2015-08-18-175-255/23.csv,0
datasets_norm/2015-08-18-175-255/28.csv,0
datasets_norm/2015-08-18-175-255/72.csv,0
datasets_norm/2015-08-18-175-255/77.csv,0
datasets_norm/2015-08-26-255-175/28.csv,1
datasets_norm/2015-08-26-255-175/29.csv,1
datasets_norm/2015-08-26-255-175/44.csv,1
datasets_norm/2015-08-26-255-175/112.csv,1
datasets_norm/2016-05-17-255-182/25.csv,0
datasets_norm/2016-05-17-255-182/42.csv,0
datasets_norm/2016-05-17-255-182/63.csv,0
datasets_norm/2016-05-17-224-264/11.csv,1
datasets_norm/2016-05-17-224-264/54.csv,1
datasets_norm/2016-05-17-224-264/81.csv,1
datasets_norm/2016-05-17-224-264/114.csv,1
datasets_norm/2016-05-17-222-183/19.csv,0
datasets_norm/2016-05-17-222-183/42.csv,0
datasets_norm/2016-05-17-222-183/80.csv,0
datasets_norm/2016-05-17-222-183/87.csv,0
datasets_norm/2016-05-17-278-138/15.csv,0
datasets_norm/2016-05-17-278-138/25.csv,0
datasets_norm/2016-05-17-278-138/26.csv,0
datasets_norm/2016-05-17-278-138/66.csv,0
datasets_norm/2016-06-01-222-264/12.csv,0
datasets_norm/2016-06-01-222-264/33.csv,0
datasets_norm/2016-06-01-222-264/59.csv,0
datasets_norm/2016-06-01-222-264/73.csv,0
datasets_norm/2016-07-05-175-222/43.csv,1
datasets_norm/2016-07-05-175-222/47.csv,1
datasets_norm/2016-07-05-175-222/66.csv,1
datasets_norm/2016-07-05-175-222/83.csv,1
datasets_norm/2016-07-27-222-175/11.csv,1
datasets_norm/2016-07-27-222-175/31.csv,1
datasets_norm/2016-07-27-222-175/33.csv,1
datasets_norm/2016-07-27-222-175/50.csv,1
datasets_norm/2016-08-09-175-222/33.csv,0
datasets_norm/2016-08-09-175-222/54.csv,0
datasets_norm/2016-08-09-175-222/66.csv,0
datasets_norm/2016-08-09-175-222/90.csv,0
datasets_norm/2016-08-22-222-175/46.csv,0
datasets_norm/2016-08-22-222-175/49.csv,0
datasets_norm/2016-08-22-222-175/63.csv,0
datasets_norm/2016-08-22-222-175/72.csv,0
datasets_norm/2016-08-30-175-222/27.csv,1
datasets_norm/2016-08-30-175-222/78.csv,1
datasets_norm/2016-08-30-175-222/111.csv,1
datasets_norm/2016-08-30-175-222/166.csv,1
datasets_norm/2016-09-12-222-175/15.csv,1
datasets_norm/2016-09-12-222-175/41.csv,1
datasets_norm/2016-09-12-222-175/65.csv,1
datasets_norm/2016-09-12-222-175/83.csv,1
datasets_norm/2016-09-26-175-222/13.csv,0
datasets_norm/2016-09-26-175-222/45.csv,0
datasets_norm/2016-09-26-175-222/55.csv,0
datasets_norm/2016-09-26-175-222/81.csv,0
datasets_norm/2017-05-22-278-235/20.csv,0
datasets_norm/2017-05-22-278-235/27.csv,0
datasets_norm/2017-05-22-278-235/37.csv,0
datasets_norm/2017-05-22-278-235/43.csv,0
datasets_norm/2017-05-22-235-278/46.csv,1
datasets_norm/2017-05-22-235-278/48.csv,1
datasets_norm/2017-05-22-235-278/49.csv,1
datasets_norm/2017-05-22-235-278/74.csv,1
datasets_norm/2017-05-22-264-263/32.csv,0
datasets_norm/2017-05-22-264-263/83.csv,0
datasets_norm/2017-05-22-264-263/103.csv,0
datasets_norm/2017-05-22-264-263/105.csv,0
datasets_norm/2017-05-22-280-194/88.csv,0
datasets_norm/2017-05-22-280-194/93.csv,0
datasets_norm/2017-05-22-280-194/107.csv,0
datasets_norm/2017-05-22-280-194/111.csv,0
datasets_norm/2017-05-22-194-280/57.csv,0
datasets_norm/2017-05-22-194-280/61.csv,0
datasets_norm/2017-05-22-194-280/90.csv,0
datasets_norm/2017-05-22-194-280/91.csv,0
datasets_norm/2017-05-22-222-274/61.csv,1
datasets_norm/2017-05-22-222-274/63.csv,1
datasets_norm/2017-05-22-222-274/121.csv,1
datasets_norm/2017-05-22-222-274/149.csv,1
datasets_norm/2017-06-09-278-274/21.csv,0
datasets_norm/2017-06-09-278-274/24.csv,0
datasets_norm/2017-06-09-278-274/39.csv,0
datasets_norm/2017-06-09-278-274/60.csv,0
datasets_norm/2017-07-05-175-278/26.csv,1
datasets_norm/2017-07-05-175-278/87.csv,1
datasets_norm/2017-07-05-175-278/96.csv,1
datasets_norm/2017-07-05-175-278/131.csv,1
datasets_norm/2017-07-25-278-175/18.csv,0
datasets_norm/2017-07-25-278-175/55.csv,0
datasets_norm/2017-07-25-278-175/59.csv,0
datasets_norm/2017-07-25-278-175/79.csv,0
datasets_norm/2017-08-08-175-278/14.csv,0
datasets_norm/2017-08-08-175-278/31.csv,0
datasets_norm/2017-08-08-175-278/37.csv,0
datasets_norm/2017-08-08-175-278/113.csv,0
datasets_norm/2017-08-22-278-175/31.csv,0
datasets_norm/2017-08-22-278-175/63.csv,0
datasets_norm/2017-08-22-278-175/79.csv,0
datasets_norm/2017-08-22-278-175/106.csv,0
datasets_norm/2017-08-29-175-278/14.csv,1
datasets_norm/2017-08-29-175-278/38.csv,1
datasets_norm/2017-08-29-175-278/71.csv,1
datasets_norm/2017-08-29-175-278/100.csv,1
datasets_norm/2018-05-17-175-231/11.csv,0
datasets_norm/2018-05-17-175-231/12.csv,0
datasets_norm/2018-05-17-175-231/27.csv,0
datasets_norm/2018-05-17-175-231/33.csv,0
datasets_norm/2018-05-17-249-222/47.csv,1
datasets_norm/2018-05-17-249-222/50.csv,1
datasets_norm/2018-05-17-249-222/82.csv,1
datasets_norm/2018-05-17-264-306/13.csv,0
datasets_norm/2018-05-17-264-306/35.csv,0
datasets_norm/2018-05-17-264-306/46.csv,0
datasets_norm/2018-05-17-264-306/57.csv,0
datasets_norm/2018-05-17-233-274/27.csv,0
datasets_norm/2018-05-17-233-274/30.csv,0
datasets_norm/2018-05-17-233-274/39.csv,0
datasets_norm/2018-05-17-233-274/53.csv,0
datasets_norm/2018-05-30-264-274/62.csv,0
datasets_norm/2018-05-30-264-274/76.csv,0
datasets_norm/2018-05-30-264-274/82.csv,0
datasets_norm/2018-05-30-264-274/93.csv,0
datasets_norm/2018-06-04-175-264/13.csv,1
datasets_norm/2018-06-04-175-264/41.csv,1
datasets_norm/2018-06-04-175-264/78.csv,1
datasets_norm/2018-06-04-175-264/115.csv,1
datasets_norm/2018-07-04-278-264/24.csv,0
datasets_norm/2018-07-04-278-264/56.csv,0
datasets_norm/2018-07-04-278-264/77.csv,0
datasets_norm/2018-07-04-278-264/103.csv,0
datasets_norm/2018-07-24-264-278/12.csv,0
datasets_norm/2018-07-24-264-278/13.csv,0
datasets_norm/2018-07-24-264-278/29.csv,0
datasets_norm/2018-07-24-264-278/83.csv,0
datasets_norm/2018-08-01-278-264/27.csv,0
datasets_norm/2018-08-01-278-264/111.csv,0
datasets_norm/2018-08-01-278-264/132.csv,0
datasets_norm/2018-08-01-278-264/143.csv,0
datasets_norm/2018-08-22-264-278/48.csv,0
datasets_norm/2018-08-22-264-278/66.csv,0
datasets_norm/2018-08-22-264-278/71.csv,0
datasets_norm/2018-08-22-264-278/109.csv,0
datasets_norm/2018-08-29-278-264/36.csv,0
datasets_norm/2018-08-29-278-264/75.csv,0
datasets_norm/2018-08-29-278-264/92.csv,0
datasets_norm/2018-08-29-278-264/102.csv,0
datasets_norm/2018-09-10-264-278/20.csv,0
datasets_norm/2018-09-10-264-278/35.csv,0
datasets_norm/2018-09-10-264-278/83.csv,0
datasets_norm/2018-09-10-264-278/109.csv,0
datasets_norm/2018-09-26-264-278/29.csv,0
datasets_norm/2018-09-26-264-278/66.csv,0
datasets_norm/2018-09-26-264-278/70.csv,0
datasets_norm/2018-09-26-264-278/107.csv,0
datasets_norm/2019-06-04-222-278/33.csv,0
datasets_norm/2019-06-04-222-278/95.csv,0
datasets_norm/2019-06-04-222-278/126.csv,0
datasets_norm/2019-06-04-222-278/171.csv,0
datasets_norm/2019-06-04-175-276/13.csv,0
datasets_norm/2019-06-04-175-276/53.csv,0
datasets_norm/2019-06-04-175-276/65.csv,0
datasets_norm/2019-06-04-175-276/109.csv,0
datasets_norm/2019-06-06-175-222/56.csv,1
datasets_norm/2019-06-06-175-222/60.csv,1
datasets_norm/2019-06-06-175-222/100.csv,1
datasets_norm/2019-06-06-175-222/111.csv,1
datasets_norm/2019-07-03-264-222/17.csv,0
datasets_norm/2019-07-03-264-222/29.csv,0
datasets_norm/2019-07-03-264-222/60.csv,0
datasets_norm/2019-07-03-264-222/69.csv,0
datasets_norm/2019-07-30-222-264/13.csv,1
datasets_norm/2019-07-30-222-264/59.csv,1
datasets_norm/2019-07-30-222-264/74.csv,1
datasets_norm/2019-07-30-222-264/98.csv,1
datasets_norm/2019-08-08-264-222/11.csv,1
datasets_norm/2019-08-08-264-222/29.csv,1
datasets_norm/2019-08-08-264-222/39.csv,1
datasets_norm/2019-08-08-264-222/46.csv,1
datasets_norm/2019-08-20-222-264/45.csv,0
datasets_norm/2019-08-20-222-264/77.csv,0
datasets_norm/2019-08-20-222-264/204.csv,0
datasets_norm/2019-08-20-222-264/250.csv,0
datasets_norm/2019-08-27-264-222/13.csv,0
datasets_norm/2019-08-27-264-222/16.csv,0
datasets_norm/2019-08-27-264-222/23.csv,0
datasets_norm/2019-08-27-264-222/51.csv,0
datasets_norm/2019-09-09-222-264/15.csv,0
datasets_norm/2019-09-09-222-264/35.csv,0
datasets_norm/2019-09-09-222-264/49.csv,0
datasets_norm/2019-09-09-222-264/105.csv,0
datasets_norm/2019-09-25-264-222/15.csv,1
datasets_norm/2019-09-25-264-222/30.csv,1
datasets_norm/2019-09-25-264-222/43.csv,1
datasets_norm/2019-09-25-264-222/60.csv,1
datasets_norm/2020-06-23-307-276/25.csv,0
datasets_norm/2020-06-23-307-276/97.csv,0
datasets_norm/2020-06-23-307-276/105.csv,0
datasets_norm/2020-06-23-307-276/116.csv,0
datasets_norm/2020-07-01-307-222/47.csv,0
datasets_norm/2020-07-01-307-222/49.csv,0
datasets_norm/2020-07-01-307-222/75.csv,0
datasets_norm/2020-07-01-307-222/83.csv,0
datasets_norm/2020-07-13-222-307/16.csv,1
datasets_norm/2020-07-13-222-307/31.csv,1
datasets_norm/2020-07-13-222-307/74.csv,1
datasets_norm/2020-08-04-307-222/20.csv,0
datasets_norm/2020-08-04-307-222/29.csv,0
datasets_norm/2020-08-04-307-222/126.csv,0
datasets_norm/2020-08-04-307-222/130.csv,0
datasets_norm/2020-08-19-222-307/12.csv,1
datasets_norm/2020-08-19-222-307/20.csv,1
datasets_norm/2020-08-19-222-307/32.csv,1
datasets_norm/2020-08-19-222-307/37.csv,1
datasets_norm/2021-05-24-175-264/26.csv,1
datasets_norm/2021-05-24-175-264/30.csv,1
datasets_norm/2021-05-24-175-264/53.csv,1
datasets_norm/2021-05-24-175-264/81.csv,1
datasets_norm/2021-06-29-307-264/36.csv,1
datasets_norm/2021-06-29-307-264/49.csv,1
datasets_norm/2021-06-29-307-264/63.csv,1
datasets_norm/2021-06-29-307-264/83.csv,1
datasets_norm/2021-07-13-264-307/22.csv,1
datasets_norm/2021-07-13-264-307/37.csv,1
datasets_norm/2021-07-13-264-307/42.csv,1
datasets_norm/2021-07-13-264-307/45.csv,1
datasets_norm/2021-07-21-307-264/16.csv,0
datasets_norm/2021-07-21-307-264/58.csv,0
datasets_norm/2021-07-21-307-264/68.csv,0
datasets_norm/2021-07-21-307-264/89.csv,0
datasets_norm/2021-08-18-264-307/25.csv,1
datasets_norm/2021-08-18-264-307/63.csv,1
datasets_norm/2021-08-18-264-307/88.csv,1
datasets_norm/2021-08-18-264-307/107.csv,1
datasets_norm/2021-08-24-307-264/17.csv,0
datasets_norm/2021-08-24-307-264/46.csv,0
datasets_norm/2021-08-24-307-264/60.csv,0
datasets_norm/2021-08-24-307-264/63.csv,0
datasets_norm/2022-05-31-264-314/133.csv,0
datasets_norm/2022-05-31-264-314/136.csv,0
datasets_norm/2022-05-31-264-314/138.csv,0
datasets_norm/2022-05-31-264-314/156.csv,0
datasets_norm/2022-06-28-264-307/64.csv,0
datasets_norm/2022-06-28-264-307/77.csv,0
datasets_norm/2022-06-28-264-307/94.csv,0
datasets_norm/2022-06-28-264-307/104.csv,0
datasets_norm/2022-07-13-307-264/34.csv,0
datasets_norm/2022-07-13-307-264/43.csv,0
datasets_norm/2022-07-13-307-264/59.csv,0
datasets_norm/2022-07-13-307-264/74.csv,0
datasets_norm/2022-07-20-264-307/39.csv,1
datasets_norm/2022-07-20-264-307/40.csv,1
datasets_norm/2022-07-20-264-307/44.csv,1
datasets_norm/2022-07-20-264-307/61.csv,1
datasets_norm/2022-08-24-307-264/38.csv,0
datasets_norm/2022-08-24-307-264/41.csv,0
datasets_norm/2022-08-24-307-264/55.csv,0
datasets_norm/2022-08-24-307-264/62.csv,0
datasets_norm/2022-09-05-264-307/23.csv,1
datasets_norm/2022-09-05-264-307/44.csv,1
datasets_norm/2022-09-05-264-307/45.csv,1
datasets_norm/2022-09-05-264-307/119.csv,1
datasets_norm/2015-07-21-264-263/19.csv,1
datasets_norm/2015-07-21-264-263/24.csv,1
datasets_norm/2015-07-21-264-263/44.csv,1
datasets_norm/2015-07-21-264-263/110.csv,1
datasets_norm/2015-09-02-175-263/21.csv,0
datasets_norm/2015-09-02-175-263/82.csv,0
datasets_norm/2015-09-02-175-263/98.csv,0
datasets_norm/2015-09-17-263-175/21.csv,0
datasets_norm/2015-09-17-263-175/26.csv,0
datasets_norm/2015-09-17-263-175/50.csv,0
datasets_norm/2015-09-17-263-175/99.csv,0
datasets_norm/2015-09-24-175-263/14.csv,1
datasets_norm/2015-09-24-175-263/24.csv,1
datasets_norm/2015-09-24-175-263/60.csv,1
datasets_norm/2015-09-24-175-263/73.csv,1
datasets_norm/2015-10-06-263-175/18.csv,1
datasets_norm/2015-10-06-263-175/23.csv,1
datasets_norm/2015-10-06-263-175/41.csv,1
datasets_norm/2015-10-06-263-175/76.csv,1
datasets_norm/2015-10-26-175-263/20.csv,0
datasets_norm/2015-10-26-175-263/35.csv,0
datasets_norm/2015-10-26-175-263/47.csv,0
datasets_norm/2015-10-26-175-263/57.csv,0
datasets_norm/2016-07-25-260-263/38.csv,0
datasets_norm/2016-07-25-260-263/66.csv,0
datasets_norm/2016-07-25-260-263/99.csv,0
datasets_norm/2016-07-25-260-263/131.csv,0
datasets_norm/2016-09-06-175-260/20.csv,0
datasets_norm/2016-09-06-175-260/39.csv,0
datasets_norm/2016-09-06-175-260/45.csv,0
datasets_norm/2016-09-06-175-260/54.csv,0
datasets_norm/2016-09-20-260-175/16.csv,1
datasets_norm/2016-09-20-260-175/39.csv,1
datasets_norm/2016-09-20-260-175/57.csv,1
datasets_norm/2016-09-20-260-175/104.csv,1
datasets_norm/2016-10-04-175-260/24.csv,0
datasets_norm/2016-10-04-175-260/26.csv,0
datasets_norm/2016-10-04-175-260/53.csv,0
datasets_norm/2016-10-04-175-260/99.csv,0
datasets_norm/2017-07-28-300-261/15.csv,1
datasets_norm/2017-07-28-300-261/51.csv,1
datasets_norm/2017-07-28-300-261/56.csv,1
datasets_norm/2017-07-28-300-261/79.csv,1
datasets_norm/2017-09-05-261-175/32.csv,0
datasets_norm/2017-09-05-261-175/90.csv,0
datasets_norm/2017-09-05-261-175/107.csv,0
datasets_norm/2017-09-05-261-175/170.csv,0
datasets_norm/2017-09-19-175-261/73.csv,1
datasets_norm/2017-09-19-175-261/75.csv,1
datasets_norm/2017-09-19-175-261/101.csv,1
datasets_norm/2017-09-19-175-261/143.csv,1
datasets_norm/2017-10-03-261-175/98.csv,1
datasets_norm/2017-10-03-261-175/99.csv,1
datasets_norm/2017-10-03-261-175/105.csv,1
datasets_norm/2017-10-03-261-175/127.csv,1
datasets_norm/2017-10-11-175-261/34.csv,1
datasets_norm/2017-10-11-175-261/49.csv,1
datasets_norm/2017-10-11-175-261/72.csv,1
datasets_norm/2017-10-11-175-261/73.csv,1
datasets_norm/2018-07-27-286-235/31.csv,0
datasets_norm/2018-07-27-286-235/32.csv,0
datasets_norm/2018-07-27-286-235/62.csv,0
datasets_norm/2018-07-27-286-235/76.csv,0
datasets_norm/2018-09-04-286-261/33.csv,0
datasets_norm/2018-09-04-286-261/70.csv,0
datasets_norm/2018-09-04-286-261/95.csv,0
datasets_norm/2018-09-04-286-261/136.csv,0
datasets_norm/2018-09-20-261-286/82.csv,1
datasets_norm/2018-09-20-261-286/118.csv,1
datasets_norm/2018-09-20-261-286/127.csv,1
datasets_norm/2018-09-20-261-286/131.csv,1
datasets_norm/2018-10-02-286-261/54.csv,1
datasets_norm/2018-10-02-286-261/66.csv,1
datasets_norm/2018-10-02-286-261/84.csv,1
datasets_norm/2018-10-02-286-261/99.csv,1
datasets_norm/2018-10-16-261-286/12.csv,0
datasets_norm/2018-10-16-261-286/84.csv,0
datasets_norm/2018-10-16-261-286/121.csv,0
datasets_norm/2018-10-16-261-286/126.csv,0
datasets_norm/2018-10-30-286-261/26.csv,0
datasets_norm/2018-10-30-286-261/61.csv,0
datasets_norm/2018-10-30-286-261/66.csv,0
datasets_norm/2019-07-25-276-264/81.csv,0
datasets_norm/2019-07-25-276-264/87.csv,0
datasets_norm/2019-07-25-276-264/93.csv,0
datasets_norm/2019-07-25-276-264/105.csv,0
datasets_norm/2019-09-02-276-286/23.csv,1
datasets_norm/2019-09-02-276-286/28.csv,1
datasets_norm/2019-09-02-276-286/34.csv,1
datasets_norm/2019-09-02-276-286/50.csv,1
datasets_norm/2019-09-18-286-276/48.csv,1
datasets_norm/2019-09-18-286-276/93.csv,1
datasets_norm/2019-09-18-286-276/104.csv,1
datasets_norm/2019-09-18-286-276/116.csv,1
datasets_norm/2019-10-01-276-286/75.csv,0
datasets_norm/2019-10-01-276-286/131.csv,0
datasets_norm/2019-10-01-276-286/145.csv,0
datasets_norm/2019-10-01-276-286/150.csv,0
datasets_norm/2020-08-03-235-207/12.csv,1
datasets_norm/2020-08-03-235-207/17.csv,1
datasets_norm/2020-08-03-235-207/19.csv,1
datasets_norm/2020-08-03-235-207/41.csv,1
datasets_norm/2020-09-03-276-207/61.csv,0
datasets_norm/2020-09-03-276-207/77.csv,0
datasets_norm/2020-09-03-276-207/94.csv,0
datasets_norm/2020-09-03-276-207/139.csv,0
datasets_norm/2020-09-09-207-276/25.csv,0
datasets_norm/2020-09-09-207-276/83.csv,0
datasets_norm/2020-09-09-207-276/94.csv,0
datasets_norm/2020-09-09-207-276/113.csv,0
datasets_norm/2020-09-24-276-207/17.csv,0
datasets_norm/2020-09-24-276-207/76.csv,0
datasets_norm/2020-09-24-276-207/102.csv,0
datasets_norm/2020-09-24-276-207/112.csv,0
datasets_norm/2020-10-06-207-276/17.csv,0
datasets_norm/2020-10-06-207-276/19.csv,0
datasets_norm/2020-10-06-207-276/72.csv,0
datasets_norm/2020-10-06-207-276/106.csv,0
datasets_norm/2020-10-14-207-276/30.csv,1
datasets_norm/2020-10-14-207-276/54.csv,1
datasets_norm/2020-10-14-207-276/102.csv,1
datasets_norm/2021-07-19-182-222/25.csv,1
datasets_norm/2021-07-19-182-222/34.csv,1
datasets_norm/2021-07-19-182-222/50.csv,1
datasets_norm/2021-07-19-182-222/100.csv,1
datasets_norm/2021-09-01-276-222/44.csv,1
datasets_norm/2021-09-01-276-222/79.csv,1
datasets_norm/2021-09-01-276-222/81.csv,1
datasets_norm/2021-09-01-276-222/102.csv,1
datasets_norm/2021-09-15-222-276/32.csv,1
datasets_norm/2021-09-15-222-276/64.csv,1
datasets_norm/2021-09-15-222-276/70.csv,1
datasets_norm/2021-09-15-222-276/79.csv,1
datasets_norm/2021-09-22-276-222/57.csv,0
datasets_norm/2021-09-22-276-222/64.csv,0
datasets_norm/2021-09-22-276-222/87.csv,0
datasets_norm/2021-09-22-276-222/100.csv,0
datasets_norm/2021-10-05-222-276/57.csv,1
datasets_norm/2021-10-05-222-276/66.csv,1
datasets_norm/2021-10-05-222-276/68.csv,1
datasets_norm/2021-10-05-222-276/113.csv,1
datasets_norm/2022-07-25-264-308/22.csv,0
datasets_norm/2022-07-25-264-308/31.csv,0
datasets_norm/2022-07-25-264-308/88.csv,0
datasets_norm/2022-07-25-264-308/106.csv,0
datasets_norm/2022-08-31-276-264/21.csv,1
datasets_norm/2022-08-31-276-264/51.csv,1
datasets_norm/2022-08-31-276-264/70.csv,1
datasets_norm/2022-08-31-276-264/85.csv,1
datasets_norm/2022-09-13-264-276/43.csv,1
datasets_norm/2022-09-13-264-276/48.csv,1
datasets_norm/2022-09-13-264-276/68.csv,1
datasets_norm/2022-09-13-276-264/41.csv,0
datasets_norm/2022-09-13-276-264/50.csv,0
datasets_norm/2022-09-13-276-264/65.csv,0
datasets_norm/2022-09-13-276-264/86.csv,0
datasets_norm/2022-09-27-276-264/28.csv,0
datasets_norm/2022-09-27-276-264/38.csv,0
datasets_norm/2022-09-27-276-264/65.csv,0
datasets_norm/2022-09-27-276-264/71.csv,0
datasets_norm/2022-10-04-264-276/14.csv,1
datasets_norm/2022-10-04-264-276/135.csv,1
datasets_norm/2022-10-04-264-276/174.csv,1
datasets_norm/2022-10-04-264-276/175.csv,1
datasets_norm/2015-06-26-291-286/16.csv,1
datasets_norm/2015-06-26-291-286/69.csv,1
datasets_norm/2015-06-26-291-286/80.csv,1
datasets_norm/2015-06-26-291-286/93.csv,1
datasets_norm/2015-06-29-269-264/19.csv,0
datasets_norm/2015-06-29-269-264/55.csv,0
datasets_norm/2015-06-29-269-264/63.csv,0
datasets_norm/2015-06-29-269-264/66.csv,0
datasets_norm/2015-07-01-202-235/28.csv,1
datasets_norm/2015-07-01-202-235/46.csv,1
datasets_norm/2015-07-01-202-235/49.csv,1
datasets_norm/2015-07-01-202-235/81.csv,1
datasets_norm/2015-07-01-276-286/27.csv,0
datasets_norm/2015-07-01-276-286/31.csv,0
datasets_norm/2015-07-01-276-286/103.csv,0
datasets_norm/2015-07-01-276-286/110.csv,0
datasets_norm/2015-07-10-235-233/41.csv,0
datasets_norm/2015-07-10-235-233/45.csv,0
datasets_norm/2015-07-10-235-233/46.csv,0
datasets_norm/2015-07-10-235-233/63.csv,0
datasets_norm/2015-07-13-198-276/71.csv,1
datasets_norm/2015-07-13-198-276/77.csv,1
datasets_norm/2015-07-13-198-276/80.csv,1
datasets_norm/2015-07-13-198-276/82.csv,1
datasets_norm/2015-07-24-276-182/49.csv,0
datasets_norm/2015-07-24-276-182/72.csv,0
datasets_norm/2015-07-24-276-182/77.csv,0
datasets_norm/2015-07-24-276-182/153.csv,0
datasets_norm/2015-08-03-276-175/22.csv,0
datasets_norm/2015-08-03-276-175/37.csv,0
datasets_norm/2015-08-03-276-175/54.csv,0
datasets_norm/2015-08-03-276-175/75.csv,0
datasets_norm/2015-08-03-235-269/23.csv,0
datasets_norm/2015-08-03-235-269/27.csv,0
datasets_norm/2015-08-03-235-269/53.csv,0
datasets_norm/2015-08-03-235-269/71.csv,0
datasets_norm/2015-08-11-276-235/68.csv,1
datasets_norm/2015-08-11-276-235/83.csv,1
datasets_norm/2015-08-11-276-235/91.csv,1
datasets_norm/2015-08-11-276-235/116.csv,1
datasets_norm/2015-08-31-235-276/14.csv,1
datasets_norm/2015-08-31-235-276/39.csv,1
datasets_norm/2015-08-31-235-276/49.csv,1
datasets_norm/2015-08-31-235-276/78.csv,1
datasets_norm/2015-09-14-235-276/44.csv,0
datasets_norm/2015-09-14-235-276/74.csv,0
datasets_norm/2015-09-14-235-276/98.csv,0
datasets_norm/2015-09-14-235-276/107.csv,0
datasets_norm/2015-10-15-235-260/20.csv,1
datasets_norm/2015-10-15-235-260/101.csv,1
datasets_norm/2015-10-15-235-260/120.csv,1
datasets_norm/2015-10-15-235-260/133.csv,1
datasets_norm/2015-10-29-260-235/22.csv,1
datasets_norm/2015-10-29-260-235/47.csv,1
datasets_norm/2015-10-29-260-235/51.csv,1
datasets_norm/2015-10-29-260-235/52.csv,1
datasets_norm/2015-11-05-235-260/18.csv,0
datasets_norm/2015-11-05-235-260/64.csv,0
datasets_norm/2015-11-05-235-260/73.csv,0
datasets_norm/2015-11-05-235-260/97.csv,0
datasets_norm/2015-11-19-260-235/34.csv,1
datasets_norm/2015-11-19-260-235/58.csv,1
datasets_norm/2015-11-19-260-235/87.csv,1
datasets_norm/2015-11-19-260-235/90.csv,1
datasets_norm/2015-12-02-235-260/14.csv,0
datasets_norm/2015-12-02-235-260/33.csv,0
datasets_norm/2015-12-02-235-260/87.csv,0
datasets_norm/2015-12-02-235-260/109.csv,0
datasets_norm/2016-06-27-298-300/32.csv,1
datasets_norm/2016-06-27-298-300/39.csv,1
datasets_norm/2016-06-27-298-300/45.csv,1
datasets_norm/2016-06-27-298-300/46.csv,1
datasets_norm/2016-06-30-277-276/14.csv,0
datasets_norm/2016-06-30-277-276/57.csv,0
datasets_norm/2016-06-30-277-276/127.csv,0
datasets_norm/2016-06-30-277-276/132.csv,0
datasets_norm/2016-07-01-300-219/20.csv,0
datasets_norm/2016-07-01-300-219/59.csv,0
datasets_norm/2016-07-01-300-219/69.csv,0
datasets_norm/2016-07-01-300-219/72.csv,0
datasets_norm/2016-07-07-264-300/15.csv,1
datasets_norm/2016-07-07-264-300/58.csv,1
datasets_norm/2016-07-07-264-300/82.csv,1
datasets_norm/2016-07-07-264-300/131.csv,1
datasets_norm/2016-07-08-207-277/32.csv,0
datasets_norm/2016-07-08-207-277/47.csv,0
datasets_norm/2016-07-08-207-277/79.csv,0
datasets_norm/2016-07-08-207-277/91.csv,0
datasets_norm/2016-07-11-195-204/32.csv,1
datasets_norm/2016-07-11-195-204/36.csv,1
datasets_norm/2016-07-11-195-204/52.csv,1
datasets_norm/2016-07-11-195-204/78.csv,1
datasets_norm/2016-07-15-300-201/21.csv,1
datasets_norm/2016-07-15-300-201/54.csv,1
datasets_norm/2016-07-15-300-201/75.csv,1
datasets_norm/2016-07-15-300-201/85.csv,1
datasets_norm/2016-07-26-207-204/18.csv,1
datasets_norm/2016-07-26-207-204/29.csv,1
datasets_norm/2016-07-26-207-204/51.csv,1
datasets_norm/2016-07-26-207-204/65.csv,1
datasets_norm/2016-07-29-194-201/79.csv,0
datasets_norm/2016-07-29-194-201/95.csv,0
datasets_norm/2016-07-29-194-201/131.csv,0
datasets_norm/2016-07-29-194-201/146.csv,0
datasets_norm/2016-08-15-194-204/11.csv,0
datasets_norm/2016-08-15-194-204/16.csv,0
datasets_norm/2016-08-15-194-204/31.csv,0
datasets_norm/2016-08-15-194-204/33.csv,0
datasets_norm/2016-08-26-204-194/27.csv,0
datasets_norm/2016-08-26-204-194/34.csv,0
datasets_norm/2016-08-26-204-194/42.csv,0
datasets_norm/2016-08-26-204-194/46.csv,0
datasets_norm/2016-09-08-204-194/27.csv,0
datasets_norm/2016-09-08-204-194/28.csv,0
datasets_norm/2016-09-08-204-194/37.csv,0
datasets_norm/2016-09-08-204-194/63.csv,0
datasets_norm/2016-10-15-194-235/29.csv,1
datasets_norm/2016-10-15-194-235/33.csv,1
datasets_norm/2016-10-15-194-235/34.csv,1
datasets_norm/2016-10-15-194-235/55.csv,1
datasets_norm/2016-10-27-235-194/21.csv,1
datasets_norm/2016-10-27-235-194/37.csv,1
datasets_norm/2016-10-27-235-194/41.csv,1
datasets_norm/2016-10-27-235-194/73.csv,1
datasets_norm/2016-11-07-194-235/64.csv,0
datasets_norm/2016-11-07-194-235/83.csv,0
datasets_norm/2016-11-07-194-235/88.csv,0
datasets_norm/2016-11-07-194-235/113.csv,0
datasets_norm/2016-11-21-235-194/13.csv,0
datasets_norm/2016-11-21-235-194/38.csv,0
datasets_norm/2016-11-21-235-194/67.csv,0
datasets_norm/2016-12-01-194-235/18.csv,1
datasets_norm/2016-12-01-194-235/46.csv,1
datasets_norm/2016-12-01-194-235/49.csv,1
datasets_norm/2016-12-01-194-235/83.csv,1
datasets_norm/2016-12-07-235-194/34.csv,1
datasets_norm/2016-12-07-235-194/53.csv,1
datasets_norm/2016-12-07-235-194/73.csv,1
datasets_norm/2016-12-07-235-194/77.csv,1
datasets_norm/2016-12-21-235-194/12.csv,0
datasets_norm/2016-12-21-235-194/43.csv,0
datasets_norm/2016-12-21-235-194/55.csv,0
datasets_norm/2016-12-21-235-194/58.csv,0
datasets_norm/2017-06-26-307-297/12.csv,0
datasets_norm/2017-06-26-307-297/54.csv,0
datasets_norm/2017-06-26-307-297/63.csv,0
datasets_norm/2017-06-26-307-297/81.csv,0
datasets_norm/2017-07-02-280-307/15.csv,0
datasets_norm/2017-07-02-280-307/31.csv,0
datasets_norm/2017-07-02-280-307/60.csv,0
datasets_norm/2017-07-02-280-307/61.csv,0
datasets_norm/2017-07-04-182-249/62.csv,1
datasets_norm/2017-07-04-182-249/70.csv,1
datasets_norm/2017-07-04-182-249/75.csv,1
datasets_norm/2017-07-04-182-249/91.csv,1
datasets_norm/2017-07-08-280-233/28.csv,0
datasets_norm/2017-07-08-280-233/46.csv,0
datasets_norm/2017-07-08-280-233/48.csv,0
datasets_norm/2017-07-08-280-233/53.csv,0
datasets_norm/2017-07-10-194-269/45.csv,1
datasets_norm/2017-07-10-194-269/49.csv,1
datasets_norm/2017-07-10-194-269/50.csv,1
datasets_norm/2017-07-10-194-269/88.csv,1
datasets_norm/2017-07-14-175-249/28.csv,0
datasets_norm/2017-07-14-175-249/70.csv,0
datasets_norm/2017-07-14-175-249/85.csv,0
datasets_norm/2017-07-14-175-249/94.csv,0
datasets_norm/2017-07-16-280-207/38.csv,1
datasets_norm/2017-07-16-280-207/81.csv,1
datasets_norm/2017-07-16-280-207/86.csv,1
datasets_norm/2017-07-16-280-207/112.csv,1
datasets_norm/2017-07-27-207-231/41.csv,1
datasets_norm/2017-07-27-207-231/102.csv,1
datasets_norm/2017-07-27-207-231/180.csv,1
datasets_norm/2017-07-27-207-231/187.csv,1
datasets_norm/2017-07-31-175-269/12.csv,0
datasets_norm/2017-07-31-175-269/21.csv,0
datasets_norm/2017-07-31-175-269/31.csv,0
datasets_norm/2017-07-31-175-269/57.csv,0
datasets_norm/2017-08-14-175-231/20.csv,0
datasets_norm/2017-08-14-175-231/74.csv,0
datasets_norm/2017-08-14-175-231/91.csv,0
datasets_norm/2017-08-14-175-231/112.csv,0
datasets_norm/2017-08-25-231-175/25.csv,0
datasets_norm/2017-08-25-231-175/44.csv,0
datasets_norm/2017-08-25-231-175/51.csv,0
datasets_norm/2017-08-25-231-175/57.csv,0
datasets_norm/2017-09-08-231-175/78.csv,1
datasets_norm/2017-09-08-231-175/110.csv,1
datasets_norm/2017-09-08-231-175/118.csv,1
datasets_norm/2017-09-08-231-175/120.csv,1
datasets_norm/2017-10-20-175-235/24.csv,0
datasets_norm/2017-10-20-175-235/42.csv,0
datasets_norm/2017-10-20-175-235/59.csv,0
datasets_norm/2017-10-20-175-235/81.csv,0
datasets_norm/2017-10-28-235-175/18.csv,1
datasets_norm/2017-10-28-235-175/64.csv,1
datasets_norm/2017-10-28-235-175/82.csv,1
datasets_norm/2017-10-28-235-175/106.csv,1
datasets_norm/2017-11-04-175-235/17.csv,1
datasets_norm/2017-11-04-175-235/21.csv,1
datasets_norm/2017-11-04-175-235/38.csv,1
datasets_norm/2017-11-04-175-235/70.csv,1
datasets_norm/2017-11-23-235-175/56.csv,1
datasets_norm/2017-11-23-235-175/61.csv,1
datasets_norm/2017-11-23-235-175/78.csv,1
datasets_norm/2017-11-23-235-175/95.csv,1
datasets_norm/2017-12-04-175-235/14.csv,0
datasets_norm/2017-12-04-175-235/18.csv,0
datasets_norm/2017-12-04-175-235/45.csv,0
datasets_norm/2017-12-04-175-235/58.csv,0
datasets_norm/2018-06-25-304-307/31.csv,1
datasets_norm/2018-06-25-304-307/51.csv,1
datasets_norm/2018-06-25-304-307/72.csv,1
datasets_norm/2018-06-25-304-307/90.csv,1
datasets_norm/2018-06-29-297-307/14.csv,0
datasets_norm/2018-06-29-297-307/21.csv,0
datasets_norm/2018-06-29-297-307/51.csv,0
datasets_norm/2018-06-29-297-307/92.csv,0
datasets_norm/2018-07-02-231-204/30.csv,1
datasets_norm/2018-07-02-231-204/58.csv,1
datasets_norm/2018-07-02-231-204/91.csv,1
datasets_norm/2018-07-02-231-204/102.csv,1
datasets_norm/2018-07-11-297-182/40.csv,0
datasets_norm/2018-07-11-297-182/47.csv,0
datasets_norm/2018-07-11-297-182/61.csv,0
datasets_norm/2018-07-11-297-182/63.csv,0
datasets_norm/2018-07-13-237-201/51.csv,1
datasets_norm/2018-07-13-237-201/57.csv,1
datasets_norm/2018-07-13-237-201/64.csv,1
datasets_norm/2018-07-13-237-201/76.csv,1
datasets_norm/2018-07-19-207-297/22.csv,0
datasets_norm/2018-07-19-207-297/38.csv,0
datasets_norm/2018-07-19-207-297/60.csv,0
datasets_norm/2018-07-19-207-297/61.csv,0
datasets_norm/2018-07-20-201-264/36.csv,0
datasets_norm/2018-07-20-201-264/79.csv,0
datasets_norm/2018-07-20-201-264/97.csv,0
datasets_norm/2018-07-20-201-264/116.csv,0
datasets_norm/2018-07-30-204-201/27.csv,1
datasets_norm/2018-07-30-204-201/44.csv,1
datasets_norm/2018-07-30-204-201/62.csv,1
datasets_norm/2018-07-30-204-201/76.csv,1
datasets_norm/2018-07-31-207-255/52.csv,1
datasets_norm/2018-07-31-207-255/67.csv,1
datasets_norm/2018-07-31-207-255/91.csv,1
datasets_norm/2018-07-31-207-255/109.csv,1
datasets_norm/2018-08-14-201-255/14.csv,0
datasets_norm/2018-08-14-201-255/53.csv,0
datasets_norm/2018-08-14-201-255/62.csv,0
datasets_norm/2018-08-14-201-255/76.csv,0
datasets_norm/2018-08-27-255-201/11.csv,0
datasets_norm/2018-08-27-255-201/65.csv,0
datasets_norm/2018-08-27-255-201/123.csv,0
datasets_norm/2018-08-27-255-201/150.csv,0
datasets_norm/2018-09-06-255-201/24.csv,0
datasets_norm/2018-09-06-255-201/26.csv,0
datasets_norm/2018-09-06-255-201/49.csv,0
datasets_norm/2018-09-06-255-201/63.csv,0
datasets_norm/2018-10-11-175-255/15.csv,0
datasets_norm/2018-10-11-175-255/27.csv,0
datasets_norm/2018-10-11-175-255/50.csv,0
datasets_norm/2018-10-11-175-255/86.csv,0
datasets_norm/2018-10-23-255-175/26.csv,1
datasets_norm/2018-10-23-255-175/39.csv,1
datasets_norm/2018-10-23-255-175/104.csv,1
datasets_norm/2018-10-23-255-175/120.csv,1
datasets_norm/2018-11-01-175-255/29.csv,1
datasets_norm/2018-11-01-175-255/58.csv,1
datasets_norm/2018-11-01-175-255/69.csv,1
datasets_norm/2018-11-01-175-255/77.csv,1
datasets_norm/2018-11-24-255-175/12.csv,0
datasets_norm/2018-11-24-255-175/34.csv,0
datasets_norm/2018-11-24-255-175/77.csv,0
datasets_norm/2018-12-04-175-255/55.csv,0
datasets_norm/2018-12-04-175-255/89.csv,0
datasets_norm/2018-12-04-175-255/107.csv,0
datasets_norm/2018-12-12-255-175/14.csv,0
datasets_norm/2018-12-12-255-175/31.csv,0
datasets_norm/2018-12-12-255-175/48.csv,0
datasets_norm/2018-12-12-255-175/74.csv,0
datasets_norm/2018-12-20-255-175/23.csv,0
datasets_norm/2018-12-20-255-175/47.csv,0
datasets_norm/2018-12-20-255-175/52.csv,0
datasets_norm/2018-12-20-255-175/118.csv,0
datasets_norm/2019-06-24-303-301/24.csv,0
datasets_norm/2019-06-24-303-301/28.csv,0
datasets_norm/2019-06-24-303-301/82.csv,0
datasets_norm/2019-06-24-303-301/88.csv,0
datasets_norm/2019-06-28-303-307/42.csv,1
datasets_norm/2019-06-28-303-307/52.csv,1
datasets_norm/2019-06-28-303-307/85.csv,1
datasets_norm/2019-06-28-303-307/91.csv,1
datasets_norm/2019-07-01-213-239/20.csv,0
datasets_norm/2019-07-01-213-239/25.csv,0
datasets_norm/2019-07-01-213-239/68.csv,0
datasets_norm/2019-07-01-213-239/79.csv,0
datasets_norm/2019-07-05-207-307/62.csv,1
datasets_norm/2019-07-05-207-307/79.csv,1
datasets_norm/2019-07-05-207-307/109.csv,1
datasets_norm/2019-07-05-207-307/117.csv,1
datasets_norm/2019-07-08-263-222/107.csv,1
datasets_norm/2019-07-08-263-222/119.csv,1
datasets_norm/2019-07-08-263-222/133.csv,1
datasets_norm/2019-07-08-263-222/143.csv,1
datasets_norm/2019-07-22-213-276/48.csv,1
datasets_norm/2019-07-22-213-276/50.csv,1
datasets_norm/2019-07-22-213-276/59.csv,1
datasets_norm/2019-07-22-213-276/67.csv,1
datasets_norm/2019-07-23-307-264/19.csv,1
datasets_norm/2019-07-23-307-264/123.csv,1
datasets_norm/2019-07-23-307-264/125.csv,1
datasets_norm/2019-07-23-307-264/127.csv,1
datasets_norm/2019-08-02-264-235/29.csv,0
datasets_norm/2019-08-02-264-235/39.csv,0
datasets_norm/2019-08-02-264-235/57.csv,0
datasets_norm/2019-08-02-264-235/82.csv,0
datasets_norm/2019-08-05-222-276/13.csv,0
datasets_norm/2019-08-05-222-276/25.csv,0
datasets_norm/2019-08-05-222-276/69.csv,0
datasets_norm/2019-08-05-222-276/74.csv,0
datasets_norm/2019-08-13-222-264/19.csv,1
datasets_norm/2019-08-13-222-264/49.csv,1
datasets_norm/2019-08-13-222-264/65.csv,1
datasets_norm/2019-08-13-222-264/76.csv,1
datasets_norm/2019-08-23-264-222/11.csv,1
datasets_norm/2019-08-23-264-222/57.csv,1
datasets_norm/2019-08-23-264-222/61.csv,1
datasets_norm/2019-08-23-264-222/77.csv,1
datasets_norm/2019-09-05-264-222/29.csv,0
datasets_norm/2019-09-05-264-222/98.csv,0
datasets_norm/2019-09-05-264-222/103.csv,0
datasets_norm/2019-09-05-264-222/107.csv,0
datasets_norm/2019-10-11-264-255/59.csv,0
datasets_norm/2019-10-11-264-255/78.csv,0
datasets_norm/2019-10-11-264-255/94.csv,0
datasets_norm/2019-10-11-264-255/150.csv,0
datasets_norm/2019-10-23-255-264/28.csv,1
datasets_norm/2019-10-23-255-264/46.csv,1
datasets_norm/2019-10-23-255-264/90.csv,1
datasets_norm/2019-10-23-255-264/98.csv,1
datasets_norm/2019-11-09-264-255/36.csv,0
datasets_norm/2019-11-09-264-255/58.csv,0
datasets_norm/2019-11-09-264-255/74.csv,0
datasets_norm/2019-11-09-264-255/152.csv,0
datasets_norm/2019-11-21-255-264/29.csv,0
datasets_norm/2019-11-21-255-264/91.csv,0
datasets_norm/2019-11-21-255-264/111.csv,0
datasets_norm/2019-11-21-255-264/125.csv,0
datasets_norm/2019-12-06-264-255/18.csv,0
datasets_norm/2019-12-06-264-255/25.csv,0
datasets_norm/2019-12-06-264-255/51.csv,0
datasets_norm/2019-12-06-264-255/61.csv,0
datasets_norm/2020-07-06-301-302/35.csv,0
datasets_norm/2020-07-06-301-302/50.csv,0
datasets_norm/2020-07-06-301-302/87.csv,0
datasets_norm/2020-07-06-301-302/93.csv,0
datasets_norm/2020-07-13-301-293/33.csv,0
datasets_norm/2020-07-13-301-293/39.csv,0
datasets_norm/2020-07-13-301-293/43.csv,0
datasets_norm/2020-07-13-301-293/64.csv,0
datasets_norm/2020-07-22-222-301/29.csv,1
datasets_norm/2020-07-22-222-301/50.csv,1
datasets_norm/2020-07-22-222-301/68.csv,1
datasets_norm/2020-07-22-222-301/88.csv,1
datasets_norm/2020-07-23-207-280/15.csv,0
datasets_norm/2020-07-23-207-280/44.csv,0
datasets_norm/2020-07-23-207-280/81.csv,0
datasets_norm/2020-07-23-207-280/103.csv,0
datasets_norm/2020-07-24-194-307/26.csv,0
datasets_norm/2020-07-24-194-307/34.csv,0
datasets_norm/2020-07-24-194-307/41.csv,0
datasets_norm/2020-07-24-194-307/44.csv,0
datasets_norm/2020-07-27-301-182/15.csv,0
datasets_norm/2020-07-27-301-182/81.csv,0
datasets_norm/2020-07-27-301-182/96.csv,0
datasets_norm/2020-07-27-301-182/101.csv,0
datasets_norm/2020-07-31-250-194/26.csv,1
datasets_norm/2020-07-31-250-194/53.csv,1
datasets_norm/2020-07-31-250-194/82.csv,1
datasets_norm/2020-08-12-207-194/44.csv,1
datasets_norm/2020-08-12-207-194/71.csv,1
datasets_norm/2020-08-12-207-194/123.csv,1
datasets_norm/2020-08-12-207-194/131.csv,1
datasets_norm/2020-08-13-301-175/12.csv,1
datasets_norm/2020-08-13-301-175/32.csv,1
datasets_norm/2020-08-13-301-175/82.csv,1
datasets_norm/2020-08-13-301-175/95.csv,1
datasets_norm/2020-08-17-175-194/26.csv,1
datasets_norm/2020-08-17-175-194/54.csv,1
datasets_norm/2020-08-17-175-194/68.csv,1
datasets_norm/2020-08-25-194-175/20.csv,1
datasets_norm/2020-08-25-194-175/35.csv,1
datasets_norm/2020-08-25-194-175/55.csv,1
datasets_norm/2020-08-25-194-175/66.csv,1
datasets_norm/2020-09-19-175-194/28.csv,0
datasets_norm/2020-09-19-175-194/62.csv,0
datasets_norm/2020-09-19-175-194/77.csv,0
datasets_norm/2020-09-19-175-194/84.csv,0
datasets_norm/2020-10-09-175-264/14.csv,1
datasets_norm/2020-10-09-175-264/20.csv,1
datasets_norm/2020-10-09-175-264/25.csv,1
datasets_norm/2020-10-09-175-264/32.csv,1
datasets_norm/2020-10-22-264-175/12.csv,1
datasets_norm/2020-10-22-264-175/27.csv,1
datasets_norm/2020-10-22-264-175/29.csv,1
datasets_norm/2020-10-22-264-175/60.csv,1
datasets_norm/2020-11-07-175-264/74.csv,1
datasets_norm/2020-11-07-175-264/75.csv,1
datasets_norm/2020-11-07-175-264/140.csv,1
datasets_norm/2020-11-07-175-264/160.csv,1
datasets_norm/2020-11-26-264-175/20.csv,0
datasets_norm/2020-11-26-264-175/49.csv,0
datasets_norm/2020-11-26-264-175/54.csv,0
datasets_norm/2020-11-26-264-175/74.csv,0
datasets_norm/2020-12-05-175-264/11.csv,1
datasets_norm/2020-12-05-175-264/38.csv,1
datasets_norm/2020-12-05-175-264/67.csv,1
datasets_norm/2020-12-05-175-264/75.csv,1
datasets_norm/2021-06-25-321-300/16.csv,1
datasets_norm/2021-06-25-321-300/27.csv,1
datasets_norm/2021-06-25-321-300/98.csv,1
datasets_norm/2021-06-25-321-300/108.csv,1
datasets_norm/2021-06-29-301-300/31.csv,0
datasets_norm/2021-06-29-301-300/40.csv,0
datasets_norm/2021-06-29-301-300/74.csv,0
datasets_norm/2021-06-29-301-300/145.csv,0
datasets_norm/2021-07-01-287-294/32.csv,0
datasets_norm/2021-07-01-287-294/39.csv,0
datasets_norm/2021-07-01-287-294/60.csv,0
datasets_norm/2021-07-01-287-294/83.csv,0
datasets_norm/2021-07-02-263-301/44.csv,1
datasets_norm/2021-07-02-263-301/66.csv,1
datasets_norm/2021-07-02-263-301/109.csv,1
datasets_norm/2021-07-02-263-301/111.csv,1
datasets_norm/2021-07-09-301-175/31.csv,0
datasets_norm/2021-07-09-301-175/41.csv,0
datasets_norm/2021-07-09-301-175/75.csv,0
datasets_norm/2021-07-09-301-175/100.csv,0
datasets_norm/2021-07-10-227-307/20.csv,1
datasets_norm/2021-07-10-227-307/47.csv,1
datasets_norm/2021-07-10-227-307/62.csv,1
datasets_norm/2021-07-10-227-307/71.csv,1
datasets_norm/2021-07-21-287-207/20.csv,0
datasets_norm/2021-07-21-287-207/64.csv,0
datasets_norm/2021-07-21-287-207/74.csv,0
datasets_norm/2021-07-28-276-301/95.csv,0
datasets_norm/2021-07-28-276-301/110.csv,0
datasets_norm/2021-07-28-276-301/111.csv,0
datasets_norm/2021-07-28-276-301/118.csv,0
datasets_norm/2021-08-06-287-307/38.csv,1
datasets_norm/2021-08-06-287-307/39.csv,1
datasets_norm/2021-08-06-287-307/70.csv,1
datasets_norm/2021-08-06-287-307/81.csv,1
datasets_norm/2021-08-12-276-307/17.csv,1
datasets_norm/2021-08-12-276-307/83.csv,1
datasets_norm/2021-08-12-276-307/109.csv,1
datasets_norm/2021-08-12-276-307/121.csv,1
datasets_norm/2021-08-30-307-276/43.csv,0
datasets_norm/2021-08-30-307-276/49.csv,0
datasets_norm/2021-08-30-307-276/52.csv,0
datasets_norm/2021-08-30-307-276/69.csv,0
datasets_norm/2021-10-08-307-264/38.csv,0
datasets_norm/2021-10-08-307-264/40.csv,0
datasets_norm/2021-10-08-307-264/65.csv,0
datasets_norm/2021-10-08-307-264/96.csv,0
datasets_norm/2021-10-22-264-307/16.csv,1
datasets_norm/2021-10-22-264-307/20.csv,1
datasets_norm/2021-10-22-264-307/41.csv,1
datasets_norm/2021-10-22-264-307/43.csv,1
datasets_norm/2021-10-30-307-264/22.csv,0
datasets_norm/2021-10-30-307-264/36.csv,0
datasets_norm/2021-10-30-307-264/58.csv,0
datasets_norm/2021-10-30-307-264/75.csv,0
datasets_norm/2021-11-12-264-307/30.csv,1
datasets_norm/2021-11-12-264-307/36.csv,1
datasets_norm/2021-11-12-264-307/88.csv,1
datasets_norm/2021-11-12-264-307/107.csv,1
datasets_norm/2016-10-29-320-305/26.csv,1
datasets_norm/2016-10-29-320-305/32.csv,1
datasets_norm/2016-10-29-320-305/58.csv,1
datasets_norm/2016-10-29-320-305/84.csv,1
datasets_norm/2016-10-30-305-320/40.csv,1
datasets_norm/2016-10-30-305-320/64.csv,1
datasets_norm/2016-10-30-305-320/113.csv,1
datasets_norm/2017-10-21-305-309/20.csv,0
datasets_norm/2017-10-21-305-309/55.csv,0
datasets_norm/2017-10-21-305-309/70.csv,0
datasets_norm/2017-10-21-305-309/120.csv,0
datasets_norm/2017-10-22-309-305/42.csv,0
datasets_norm/2017-10-22-309-305/53.csv,0
datasets_norm/2017-10-22-309-305/61.csv,0
datasets_norm/2017-10-22-309-305/106.csv,0
datasets_norm/2018-10-19-301-308/83.csv,1
datasets_norm/2018-10-19-301-308/87.csv,1
datasets_norm/2018-10-19-301-308/88.csv,1
datasets_norm/2018-10-19-301-308/102.csv,1
datasets_norm/2018-10-20-308-301/11.csv,0
datasets_norm/2018-10-20-308-301/25.csv,0
datasets_norm/2018-10-20-308-301/55.csv,0
datasets_norm/2018-10-20-308-301/80.csv,0
datasets_norm/2019-10-19-314-322/13.csv,0
datasets_norm/2019-10-19-314-322/17.csv,0
datasets_norm/2019-10-19-314-322/56.csv,0
datasets_norm/2019-10-19-314-322/59.csv,0
datasets_norm/2019-10-19-322-314/32.csv,1
datasets_norm/2019-10-19-322-314/37.csv,1
datasets_norm/2019-10-19-322-314/44.csv,1
datasets_norm/2019-10-19-322-314/71.csv,1
datasets_norm/2019-10-20-322-314/59.csv,0
datasets_norm/2019-10-20-322-314/63.csv,0
datasets_norm/2019-10-20-322-314/104.csv,0
datasets_norm/2019-10-20-322-314/125.csv,0
datasets_norm/2019-10-20-314-322/16.csv,0
datasets_norm/2019-10-20-314-322/58.csv,0
datasets_norm/2019-10-20-314-322/74.csv,0
datasets_norm/2019-10-20-314-322/88.csv,0
datasets_norm/2021-09-25-327-322/56.csv,0
datasets_norm/2021-09-25-327-322/60.csv,0
datasets_norm/2021-09-25-327-322/69.csv,0
datasets_norm/2021-09-25-327-322/81.csv,0
datasets_norm/2021-09-26-322-327/35.csv,0
datasets_norm/2021-09-26-322-327/40.csv,0
datasets_norm/2021-09-26-322-327/121.csv,0
datasets_norm/2021-09-26-322-327/145.csv,0
